{
    "tof_type": "activity",
    "rate": 6.609682210751683e-12,
    "tof": 0.0060328691899144225,
    "potential": null,
    "e_id": 29,
    "tspan": [
        2410.0,
        3010.0
    ],
    "r_id": null,
    "rate_calc_kwargs": {},
    "description": "composite full time",
    "t_id": 102
}