{
    "tof_type": "activity",
    "rate": 4.713509439095481e-10,
    "tof": 0.4302171415326799,
    "potential": null,
    "current": 0.00019975240278101582,
    "e_id": 29,
    "tspan": [
        3380.0,
        3980.0
    ],
    "r_id": null,
    "rate_calc_kwargs": {},
    "description": "composite full time",
    "t_id": 105
}