{
    "tof_type": "activity",
    "rate": 5.250343351233401e-10,
    "tof": 1.1728716368089578,
    "potential": null,
    "e_id": 30,
    "tspan": [
        3530.0,
        4130.0
    ],
    "r_id": null,
    "rate_calc_kwargs": {},
    "description": "composite",
    "t_id": 117
}