{
    "tof_type": "activity",
    "rate": 2.0967502960479816e-10,
    "tof": 0.20543481678806208,
    "potential": null,
    "e_id": 31,
    "tspan": [
        360.0,
        930.0
    ],
    "r_id": null,
    "rate_calc_kwargs": {},
    "description": "composite",
    "t_id": 120
}