{
    "tof_type": "activity",
    "rate": 1.1663174239362918e-11,
    "tof": 0.011427312386920184,
    "potential": null,
    "e_id": 31,
    "tspan": [
        2180.0,
        2780.0
    ],
    "r_id": null,
    "rate_calc_kwargs": {},
    "description": "composite",
    "t_id": 126
}