{
    "tof_type": "activity",
    "rate": 4.69676010900156e-10,
    "tof": 0.46017785442016884,
    "potential": null,
    "e_id": 31,
    "tspan": [
        3100.0,
        3700.0
    ],
    "r_id": null,
    "rate_calc_kwargs": {},
    "description": "composite",
    "t_id": 129
}