{
    "tof_type": "activity",
    "rate": 2.863077433764043e-10,
    "tof": 1.975256577601765,
    "potential": null,
    "current": 0.000100055882657,
    "e_id": 6,
    "tspan": [
        0.0,
        1200.0
    ],
    "r_id": null,
    "rate_calc_kwargs": {},
    "description": "full time (20 minutes)",
    "t_id": 13
}