{
    "tof_type": "activity",
    "rate": 2.7129748741737346e-10,
    "tof": 0.10544955155968083,
    "potential": null,
    "e_id": 32,
    "tspan": [
        2000.0,
        43000.0
    ],
    "r_id": null,
    "rate_calc_kwargs": {},
    "description": "steady overnight",
    "t_id": 134
}