{
    "tof_type": "activity",
    "rate": 8.471190350079638e-11,
    "tof": 0.01683484894119819,
    "potential": null,
    "current": 4.9398926457119074e-05,
    "e_id": 34,
    "tspan": [
        1370.0,
        1970.0
    ],
    "r_id": null,
    "rate_calc_kwargs": {},
    "description": "composite",
    "t_id": 145
}