{
    "tof_type": "activity",
    "rate": 4.5727722332124645e-11,
    "tof": 0.009087498522319666,
    "potential": null,
    "e_id": 34,
    "tspan": [
        2290.0,
        2890.0
    ],
    "r_id": null,
    "rate_calc_kwargs": {},
    "description": "composite",
    "t_id": 148
}