{
    "tof_type": "activity",
    "rate": 3.53253893450878e-10,
    "tof": 0.07020236458362362,
    "potential": null,
    "e_id": 34,
    "tspan": [
        4110.0,
        4710.0
    ],
    "r_id": null,
    "rate_calc_kwargs": {},
    "description": "composite",
    "t_id": 154
}