{
    "tof_type": "activity",
    "rate": 4.152111379068663e-12,
    "tof": 0.001073081906257743,
    "potential": null,
    "e_id": 35,
    "tspan": [
        300.0,
        500.0
    ],
    "r_id": null,
    "rate_calc_kwargs": {},
    "description": "first 2 min",
    "t_id": 157
}