{
    "tof_type": "activity",
    "rate": 1.579157455541555e-11,
    "tof": 0.01933097701870199,
    "potential": null,
    "e_id": 36,
    "tspan": [
        640.0,
        930.0
    ],
    "r_id": null,
    "rate_calc_kwargs": {},
    "description": "next 8 min",
    "t_id": 166
}