{
    "tof_type": "activity",
    "rate": 2.454564508713975e-10,
    "tof": 0.3413792691779901,
    "potential": null,
    "e_id": 37,
    "tspan": [
        600.0,
        2100.0
    ],
    "r_id": null,
    "rate_calc_kwargs": {},
    "description": "steady (30 min)",
    "t_id": 175
}