{
    "tof_type": "activity",
    "rate": 2.0856600358027982e-10,
    "tof": 0.026082845616610072,
    "potential": null,
    "current": 9.995940266735575e-05,
    "e_id": 38,
    "tspan": [
        520.0,
        2140.0
    ],
    "r_id": null,
    "rate_calc_kwargs": {},
    "description": "steady (30 min)",
    "t_id": 181
}