{
    "tof_type": "activity",
    "rate": 2.9028077946390457e-10,
    "tof": -0.0010000810857804549,
    "potential": null,
    "e_id": 7,
    "tspan": [
        1250.0,
        3500.0
    ],
    "r_id": null,
    "rate_calc_kwargs": {},
    "description": "steady",
    "t_id": 19
}