{
    "tof_type": "activity",
    "rate": 1.849474731949156e-10,
    "tof": 1.0499624348944074,
    "potential": null,
    "current": 0.00010003267234166667,
    "e_id": 40,
    "tspan": [
        390.0,
        510.0
    ],
    "r_id": null,
    "rate_calc_kwargs": {},
    "description": "first 2 min",
    "t_id": 190
}