{
    "tof_type": "activity",
    "rate": 2.3764148663436157e-10,
    "tof": 1.3491108022631828,
    "potential": null,
    "e_id": 40,
    "tspan": [
        540.0,
        1050.0
    ],
    "r_id": null,
    "rate_calc_kwargs": {},
    "description": "next 8 min",
    "t_id": 193
}