{
    "tof_type": "activity",
    "rate": 2.4370362147970596e-10,
    "tof": 1.3834905326311706,
    "potential": null,
    "current": 0.00010004604678769232,
    "e_id": 40,
    "tspan": [
        580.0,
        2240.0
    ],
    "r_id": null,
    "rate_calc_kwargs": {},
    "description": "steady",
    "t_id": 196
}