{
    "tof_type": "activity",
    "rate": 1.2891490281685982e-10,
    "tof": 0.06618480690295783,
    "potential": null,
    "e_id": 41,
    "tspan": [
        420.0,
        610.0
    ],
    "r_id": null,
    "rate_calc_kwargs": {},
    "description": "first 3 min",
    "t_id": 218
}