{
    "tof_type": "activity",
    "rate": 2.143399550201975e-10,
    "tof": 0.11004195965421888,
    "potential": null,
    "e_id": 41,
    "tspan": [
        640.0,
        1230.0
    ],
    "r_id": null,
    "rate_calc_kwargs": {},
    "description": "next 10 min",
    "t_id": 221
}