{
    "tof_type": "activity",
    "rate": 7.209952204020382e-11,
    "tof": 0.3686657731726629,
    "potential": null,
    "e_id": 43,
    "tspan": [
        610.0,
        2130.0
    ],
    "r_id": null,
    "rate_calc_kwargs": {},
    "description": "steady",
    "t_id": 236
}