{
    "tof_type": "activity",
    "rate": 9.6672819254319e-12,
    "tof": 0.007427755931603534,
    "potential": 1.3788982827999998,
    "e_id": 45,
    "tspan": [
        2275,
        2325
    ],
    "r_id": null,
    "rate_calc_kwargs": {},
    "description": null,
    "t_id": 243
}