{
    "tof_type": "activity",
    "rate": 2.7618715944939168e-11,
    "tof": 0.02122055431564647,
    "potential": 1.3991898983000002,
    "e_id": 45,
    "tspan": [
        2650,
        2700
    ],
    "r_id": null,
    "rate_calc_kwargs": {},
    "description": null,
    "t_id": 244
}