{
    "tof_type": "activity",
    "rate": 1.5853988437434087e-13,
    "tof": 0.00012181247796853077,
    "potential": 1.3291543087599997,
    "e_id": 45,
    "tspan": [
        1350,
        1400
    ],
    "r_id": null,
    "rate_calc_kwargs": {},
    "description": null,
    "t_id": 245
}