{
    "tof_type": "activity",
    "rate": 1.8773593840113153e-12,
    "tof": 0.00144244963660958,
    "potential": 1.3291543087599997,
    "e_id": 45,
    "tspan": [
        1350,
        1400
    ],
    "r_id": null,
    "rate_calc_kwargs": {},
    "description": null,
    "t_id": 245
}