{
    "tof_type": "activity",
    "rate": 2.046376675540013e-12,
    "tof": 0.001572312321837906,
    "potential": 1.3387194760799999,
    "e_id": 45,
    "tspan": [
        1525,
        1575
    ],
    "r_id": null,
    "rate_calc_kwargs": {},
    "description": null,
    "t_id": 246
}