{
    "tof_type": "activity",
    "rate": 3.5990681707836377e-13,
    "tof": 0.0002765306749093211,
    "potential": 1.3387194760799999,
    "current": 9.842711958976574e-07,
    "e_id": 45,
    "tspan": [
        1525,
        1575
    ],
    "r_id": null,
    "rate_calc_kwargs": {},
    "description": null,
    "t_id": 246
}