{
    "tof_type": "activity",
    "rate": 3.9329297492069243e-13,
    "tof": 0.0003021825834664133,
    "potential": 1.3387194760799999,
    "e_id": 45,
    "tspan": [
        1525,
        1575
    ],
    "r_id": null,
    "rate_calc_kwargs": {},
    "description": null,
    "t_id": 246
}