{
    "tof_type": "activity",
    "rate": 8.986532088951623e-13,
    "tof": 0.0006904708846098308,
    "potential": 1.34910014012,
    "e_id": 45,
    "tspan": [
        1700,
        1750
    ],
    "r_id": null,
    "rate_calc_kwargs": {},
    "description": null,
    "t_id": 247
}