{
    "tof_type": "activity",
    "rate": 2.416961272076841e-12,
    "tof": 0.0018570471579913833,
    "potential": 1.34910014012,
    "e_id": 45,
    "tspan": [
        1700,
        1750
    ],
    "r_id": null,
    "rate_calc_kwargs": {},
    "description": null,
    "t_id": 247
}