{
    "tof_type": "activity",
    "rate": 3.3912670225502637e-12,
    "tof": 0.0026056448892974433,
    "potential": 1.3594827854999998,
    "e_id": 45,
    "tspan": [
        1875,
        1925
    ],
    "r_id": null,
    "rate_calc_kwargs": {},
    "description": null,
    "t_id": 248
}