{
    "tof_type": "activity",
    "rate": 2.197664379089435e-12,
    "tof": 0.0016885526617892717,
    "potential": 1.3594827854999998,
    "e_id": 45,
    "tspan": [
        1875,
        1925
    ],
    "r_id": null,
    "rate_calc_kwargs": {},
    "description": null,
    "t_id": 248
}