{
    "tof_type": "activity",
    "rate": 2.248473901199986e-11,
    "tof": 0.017275916318068678,
    "potential": 1.39963179284,
    "e_id": 45,
    "tspan": [
        3275,
        3325
    ],
    "r_id": null,
    "rate_calc_kwargs": {},
    "description": null,
    "t_id": 250
}