{
    "tof_type": "activity",
    "rate": 2.3078574323857896e-11,
    "tof": 0.017732183528859895,
    "potential": 1.39963179284,
    "e_id": 45,
    "tspan": [
        3275,
        3325
    ],
    "r_id": null,
    "rate_calc_kwargs": {},
    "description": null,
    "t_id": 250
}