{
    "tof_type": "activity",
    "rate": 4.952495579672896e-12,
    "tof": 0.0038051986796187463,
    "potential": 1.37952071862,
    "e_id": 45,
    "tspan": [
        3650,
        3700
    ],
    "r_id": null,
    "rate_calc_kwargs": {},
    "description": null,
    "t_id": 252
}