{
    "tof_type": "activity",
    "rate": 2.1108923802020745e-12,
    "tof": 0.001621882295247345,
    "potential": 1.3695197984399998,
    "e_id": 45,
    "tspan": [
        3850,
        3900
    ],
    "r_id": null,
    "rate_calc_kwargs": {},
    "description": null,
    "t_id": 253
}