{
    "tof_type": "activity",
    "rate": 1.9712863451108465e-12,
    "tof": 0.0015146174442545782,
    "potential": 1.3695197984399998,
    "e_id": 45,
    "tspan": [
        3850,
        3900
    ],
    "r_id": null,
    "rate_calc_kwargs": {},
    "description": null,
    "t_id": 253
}