{
    "tof_type": "activity",
    "rate": 8.328405002573462e-13,
    "tof": 0.0006399043716302692,
    "potential": 1.35848453712,
    "e_id": 45,
    "tspan": [
        4050,
        4100
    ],
    "r_id": null,
    "rate_calc_kwargs": {},
    "description": null,
    "t_id": 254
}