{
    "tof_type": "activity",
    "rate": 3.5705465662911675e-13,
    "tof": 0.0002743392469714385,
    "potential": 1.3493733942,
    "e_id": 45,
    "tspan": [
        4225,
        4275
    ],
    "r_id": null,
    "rate_calc_kwargs": {},
    "description": null,
    "t_id": 255
}