{
    "tof_type": "activity",
    "rate": 1.6794600335969707e-13,
    "tof": 0.00012903957206030948,
    "potential": 1.33863862878,
    "e_id": 45,
    "tspan": [
        4400,
        4450
    ],
    "r_id": null,
    "rate_calc_kwargs": {},
    "description": null,
    "t_id": 256
}