{
    "tof_type": "activity",
    "rate": 2.0521409782481689e-13,
    "tof": 0.00015767412641158203,
    "potential": 1.33863862878,
    "e_id": 45,
    "tspan": [
        4400,
        4450
    ],
    "r_id": null,
    "rate_calc_kwargs": {},
    "description": null,
    "t_id": 256
}