{
    "tof_type": "activity",
    "rate": 1.371760868615155e-13,
    "tof": 0.00010539782544039774,
    "potential": 1.32840627116,
    "e_id": 45,
    "tspan": [
        4575,
        4625
    ],
    "r_id": null,
    "rate_calc_kwargs": {},
    "description": null,
    "t_id": 257
}