{
    "tof_type": "activity",
    "rate": 9.933958324712723e-14,
    "tof": 7.632653980698995e-05,
    "potential": 1.32840627116,
    "e_id": 45,
    "tspan": [
        4575,
        4625
    ],
    "r_id": null,
    "rate_calc_kwargs": {},
    "description": null,
    "t_id": 257
}