{
    "tof_type": "activity",
    "rate": 8.693164165225876e-14,
    "tof": 8.629135003310012e-05,
    "potential": 1.3292944475,
    "e_id": 46,
    "tspan": [
        1550,
        1600
    ],
    "r_id": null,
    "rate_calc_kwargs": {},
    "description": null,
    "t_id": 258
}