{
    "tof_type": "activity",
    "rate": 3.977983655271954e-13,
    "tof": 0.0003948683971667572,
    "potential": 1.33885297598,
    "e_id": 46,
    "tspan": [
        1725,
        1775
    ],
    "r_id": null,
    "rate_calc_kwargs": {},
    "description": null,
    "t_id": 259
}