{
    "tof_type": "activity",
    "rate": 1.646639089579868e-12,
    "tof": 0.001634510833529505,
    "potential": 1.3485664857000002,
    "e_id": 46,
    "tspan": [
        1900,
        1950
    ],
    "r_id": null,
    "rate_calc_kwargs": {},
    "description": null,
    "t_id": 260
}