{
    "tof_type": "activity",
    "rate": 1.076310274700101e-12,
    "tof": 0.0010683827533119563,
    "potential": 1.3485664857000002,
    "e_id": 46,
    "tspan": [
        1900,
        1950
    ],
    "r_id": null,
    "rate_calc_kwargs": {},
    "description": null,
    "t_id": 260
}