{
    "tof_type": "activity",
    "rate": 3.517160296591921e-12,
    "tof": 0.003491254789479175,
    "potential": 1.35918854676,
    "e_id": 46,
    "tspan": [
        2075,
        2125
    ],
    "r_id": null,
    "rate_calc_kwargs": {},
    "description": null,
    "t_id": 261
}