{
    "tof_type": "activity",
    "rate": 2.8168556663492617e-12,
    "tof": 0.0027961082257020728,
    "potential": 1.35918854676,
    "e_id": 46,
    "tspan": [
        2075,
        2125
    ],
    "r_id": null,
    "rate_calc_kwargs": {},
    "description": null,
    "t_id": 261
}