{
    "tof_type": "activity",
    "rate": 6.950701563297518e-12,
    "tof": 0.006899506441778304,
    "potential": 1.3683895015999998,
    "e_id": 46,
    "tspan": [
        2275,
        2325
    ],
    "r_id": null,
    "rate_calc_kwargs": {},
    "description": null,
    "t_id": 262
}