{
    "tof_type": "activity",
    "rate": 6.35870260361111e-12,
    "tof": 0.006311867827361275,
    "potential": 1.3683895015999998,
    "e_id": 46,
    "tspan": [
        2275,
        2325
    ],
    "r_id": null,
    "rate_calc_kwargs": {},
    "description": null,
    "t_id": 262
}