{
    "tof_type": "activity",
    "rate": 2.6205427100799004e-11,
    "tof": 0.026012412048624638,
    "potential": 1.3897443803399998,
    "e_id": 46,
    "tspan": [
        2650,
        2700
    ],
    "r_id": null,
    "rate_calc_kwargs": {},
    "description": null,
    "t_id": 264
}