{
    "tof_type": "activity",
    "rate": 1.696671069484205e-10,
    "tof": 0.1684174304835433,
    "potential": 1.43813840596,
    "e_id": 46,
    "tspan": [
        3250,
        3300
    ],
    "r_id": null,
    "rate_calc_kwargs": {},
    "description": null,
    "t_id": 267
}