{
    "tof_type": "activity",
    "rate": 3.9974239620604097e-11,
    "tof": 0.03967981091633901,
    "potential": 1.3991578131,
    "e_id": 46,
    "tspan": [
        3475,
        3525
    ],
    "r_id": null,
    "rate_calc_kwargs": {},
    "description": null,
    "t_id": 268
}