{
    "tof_type": "activity",
    "rate": 1.0450427178973797e-11,
    "tof": 0.010373454964804749,
    "potential": 1.3792980168599998,
    "e_id": 46,
    "tspan": [
        3650,
        3700
    ],
    "r_id": null,
    "rate_calc_kwargs": {},
    "description": null,
    "t_id": 269
}