{
    "tof_type": "activity",
    "rate": 2.0703448431282375e-11,
    "tof": 0.020550957988604894,
    "potential": 1.38942392826,
    "e_id": 46,
    "tspan": [
        3850,
        3900
    ],
    "r_id": null,
    "rate_calc_kwargs": {},
    "description": null,
    "t_id": 270
}