{
    "tof_type": "activity",
    "rate": 2.045534167444477e-11,
    "tof": 0.020304678652416898,
    "potential": 1.38942392826,
    "e_id": 46,
    "tspan": [
        3850,
        3900
    ],
    "r_id": null,
    "rate_calc_kwargs": {},
    "description": null,
    "t_id": 270
}