{
    "tof_type": "activity",
    "rate": 4.664983114841952e-12,
    "tof": 0.004630623363488145,
    "potential": 1.3695869887599998,
    "e_id": 46,
    "tspan": [
        4050,
        4100
    ],
    "r_id": null,
    "rate_calc_kwargs": {},
    "description": null,
    "t_id": 271
}