{
    "tof_type": "activity",
    "rate": 4.797217772913281e-12,
    "tof": 0.004761884052338186,
    "potential": 1.3695869887599998,
    "e_id": 46,
    "tspan": [
        4050,
        4100
    ],
    "r_id": null,
    "rate_calc_kwargs": {},
    "description": null,
    "t_id": 271
}