{
    "tof_type": "activity",
    "rate": 2.0867928916805307e-12,
    "tof": 0.0020714226999520953,
    "potential": 1.3593548193400002,
    "e_id": 46,
    "tspan": [
        4225,
        4275
    ],
    "r_id": null,
    "rate_calc_kwargs": {},
    "description": null,
    "t_id": 272
}