{
    "tof_type": "activity",
    "rate": 8.365339500347926e-13,
    "tof": 0.0008303724918227006,
    "potential": 1.3485775115399998,
    "e_id": 46,
    "tspan": [
        4425,
        4475
    ],
    "r_id": null,
    "rate_calc_kwargs": {},
    "description": null,
    "t_id": 273
}