{
    "tof_type": "activity",
    "rate": 3.6676108301381353e-13,
    "tof": 0.0003640597185483101,
    "potential": 1.33935786238,
    "e_id": 46,
    "tspan": [
        4600,
        4650
    ],
    "r_id": null,
    "rate_calc_kwargs": {},
    "description": null,
    "t_id": 274
}