{
    "tof_type": "activity",
    "rate": 2.866690289517038e-13,
    "tof": 0.00028455757938947927,
    "potential": 1.33935786238,
    "e_id": 46,
    "tspan": [
        4600,
        4650
    ],
    "r_id": null,
    "rate_calc_kwargs": {},
    "description": null,
    "t_id": 274
}