{
    "tof_type": "activity",
    "rate": 1.4458173863879392e-13,
    "tof": 0.0001435168274767096,
    "potential": 1.3283887964,
    "e_id": 46,
    "tspan": [
        4775,
        4825
    ],
    "r_id": null,
    "rate_calc_kwargs": {},
    "description": null,
    "t_id": 275
}