{
    "tof_type": "activity",
    "rate": 8.547420499341778e-14,
    "tof": 8.484464806717847e-05,
    "potential": 1.3192905121399998,
    "e_id": 46,
    "tspan": [
        4950,
        5000
    ],
    "r_id": null,
    "rate_calc_kwargs": {},
    "description": null,
    "t_id": 276
}