{
    "tof_type": "activity",
    "rate": 9.647972651427935e-13,
    "tof": 0.0007559477110707327,
    "potential": 1.30221886102,
    "e_id": 47,
    "tspan": [
        1150,
        1200
    ],
    "r_id": null,
    "rate_calc_kwargs": {},
    "description": null,
    "t_id": 277
}