{
    "tof_type": "activity",
    "rate": 9.478922718262288e-13,
    "tof": 0.000742702139731523,
    "potential": 1.30221886102,
    "current": 1.4233497221348758e-07,
    "e_id": 47,
    "tspan": [
        1150,
        1200
    ],
    "r_id": null,
    "rate_calc_kwargs": {},
    "description": null,
    "t_id": 277
}