{
    "tof_type": "activity",
    "rate": 8.937912903724134e-13,
    "tof": 0.0007003123915696241,
    "potential": 1.3122664045,
    "e_id": 47,
    "tspan": [
        1300,
        1350
    ],
    "r_id": null,
    "rate_calc_kwargs": {},
    "description": null,
    "t_id": 278
}