{
    "tof_type": "activity",
    "rate": 7.627714785418959e-13,
    "tof": 0.00059765442347978,
    "potential": 1.3124652602800002,
    "current": 1.5843380814231876e-07,
    "e_id": 47,
    "tspan": [
        1475,
        1525
    ],
    "r_id": null,
    "rate_calc_kwargs": {},
    "description": null,
    "t_id": 279
}