{
    "tof_type": "activity",
    "rate": 6.706288309726478e-13,
    "tof": 0.0005254578843326037,
    "potential": 1.32212558358,
    "e_id": 47,
    "tspan": [
        1650,
        1700
    ],
    "r_id": null,
    "rate_calc_kwargs": {},
    "description": null,
    "t_id": 280
}