{
    "tof_type": "activity",
    "rate": 6.183720437637893e-13,
    "tof": 0.00048451311789755343,
    "potential": 1.32212558358,
    "current": 2.2237203126400625e-07,
    "e_id": 47,
    "tspan": [
        1650,
        1700
    ],
    "r_id": null,
    "rate_calc_kwargs": {},
    "description": null,
    "t_id": 280
}