{
    "tof_type": "activity",
    "rate": 7.052261853501891e-13,
    "tof": 0.0005525659533495018,
    "potential": 1.33233104586,
    "e_id": 47,
    "tspan": [
        1800,
        1850
    ],
    "r_id": null,
    "rate_calc_kwargs": {},
    "description": null,
    "t_id": 281
}