{
    "tof_type": "activity",
    "rate": 1.2990388182522776e-12,
    "tof": 0.0010178360332566846,
    "potential": 1.34218908014,
    "e_id": 47,
    "tspan": [
        2000,
        2050
    ],
    "r_id": null,
    "rate_calc_kwargs": {},
    "description": null,
    "t_id": 282
}