{
    "tof_type": "activity",
    "rate": 1.352066541343939e-12,
    "tof": 0.0010593848511718153,
    "potential": 1.34218908014,
    "e_id": 47,
    "tspan": [
        2000,
        2050
    ],
    "r_id": null,
    "rate_calc_kwargs": {},
    "description": null,
    "t_id": 282
}