{
    "tof_type": "activity",
    "rate": 1.1167477388253869e-12,
    "tof": 0.000875005483026035,
    "potential": 1.3423509269199998,
    "e_id": 47,
    "tspan": [
        2175,
        2225
    ],
    "r_id": null,
    "rate_calc_kwargs": {},
    "description": null,
    "t_id": 283
}