{
    "tof_type": "activity",
    "rate": 1.0641872649839462e-12,
    "tof": 0.0008338227689691604,
    "potential": 1.3423509269199998,
    "e_id": 47,
    "tspan": [
        2175,
        2225
    ],
    "r_id": null,
    "rate_calc_kwargs": {},
    "description": null,
    "t_id": 283
}