{
    "tof_type": "activity",
    "rate": 2.118476354160311e-12,
    "tof": 0.0016598900191201686,
    "potential": 1.35216180444,
    "e_id": 47,
    "tspan": [
        2350,
        2400
    ],
    "r_id": null,
    "rate_calc_kwargs": {},
    "description": null,
    "t_id": 284
}