{
    "tof_type": "activity",
    "rate": 2.0813568163027077e-12,
    "tof": 0.00033837647844216207,
    "potential": 1.35216180444,
    "current": 1.0427610500331482e-06,
    "e_id": 47,
    "tspan": [
        2350,
        2400
    ],
    "r_id": null,
    "rate_calc_kwargs": {},
    "description": null,
    "t_id": 284,
    "amount": null
}