{
    "tof_type": "activity",
    "rate": 2.1689382009735367e-12,
    "tof": 0.0016994283957025421,
    "potential": 1.35216180444,
    "e_id": 47,
    "tspan": [
        2350,
        2400
    ],
    "r_id": null,
    "rate_calc_kwargs": {},
    "description": null,
    "t_id": 284
}