{
    "tof_type": "activity",
    "rate": 9.95212708106056e-12,
    "tof": 0.007797791265607814,
    "potential": 1.3721333144,
    "e_id": 47,
    "tspan": [
        2725,
        2775
    ],
    "r_id": null,
    "rate_calc_kwargs": {},
    "description": null,
    "t_id": 286
}