{
    "tof_type": "activity",
    "rate": 1.9499025772207588e-11,
    "tof": 0.01527807388470151,
    "potential": 1.38214110058,
    "e_id": 47,
    "tspan": [
        2900,
        2950
    ],
    "r_id": null,
    "rate_calc_kwargs": {},
    "description": null,
    "t_id": 287
}