{
    "tof_type": "activity",
    "rate": 3.456493965476392e-11,
    "tof": 0.027082671105467485,
    "potential": 1.39231871066,
    "e_id": 47,
    "tspan": [
        3100,
        3150
    ],
    "r_id": null,
    "rate_calc_kwargs": {},
    "description": null,
    "t_id": 288
}