{
    "tof_type": "activity",
    "rate": 5.582824365956957e-11,
    "tof": 0.043743110114749885,
    "potential": 1.4021826952399998,
    "e_id": 47,
    "tspan": [
        3300,
        3350
    ],
    "r_id": null,
    "rate_calc_kwargs": {},
    "description": null,
    "t_id": 289
}