{
    "tof_type": "activity",
    "rate": 1.1498863525682561e-10,
    "tof": 0.09009705848272631,
    "potential": 1.42230319422,
    "e_id": 47,
    "tspan": [
        3500,
        3550
    ],
    "r_id": null,
    "rate_calc_kwargs": {},
    "description": null,
    "t_id": 291
}