{
    "tof_type": "activity",
    "rate": 3.290453177463833e-11,
    "tof": 0.025781691529992653,
    "potential": 1.3924775807999998,
    "e_id": 47,
    "tspan": [
        3900,
        3950
    ],
    "r_id": null,
    "rate_calc_kwargs": {},
    "description": null,
    "t_id": 293
}