{
    "tof_type": "activity",
    "rate": 1.7675563635037437e-11,
    "tof": 0.013849336388628791,
    "potential": 1.3822026049199998,
    "e_id": 47,
    "tspan": [
        4100,
        4150
    ],
    "r_id": null,
    "rate_calc_kwargs": {},
    "description": null,
    "t_id": 294
}