{
    "tof_type": "activity",
    "rate": 1.7365855786650655e-11,
    "tof": 0.01360667096289919,
    "potential": 1.3822026049199998,
    "current": 6.914588387814578e-06,
    "e_id": 47,
    "tspan": [
        4100,
        4150
    ],
    "r_id": null,
    "rate_calc_kwargs": {},
    "description": null,
    "t_id": 294
}