{
    "tof_type": "activity",
    "rate": 8.479486018656206e-12,
    "tof": 0.006643932646213221,
    "potential": 1.37218890162,
    "e_id": 47,
    "tspan": [
        4300,
        4350
    ],
    "r_id": null,
    "rate_calc_kwargs": {},
    "description": null,
    "t_id": 295
}