{
    "tof_type": "activity",
    "rate": 3.742608597224687e-12,
    "tof": 0.0029324465405557647,
    "potential": 1.36214242602,
    "e_id": 47,
    "tspan": [
        4475,
        4525
    ],
    "r_id": null,
    "rate_calc_kwargs": {},
    "description": null,
    "t_id": 296
}