{
    "tof_type": "activity",
    "rate": 5.28062428146952e-13,
    "tof": 0.00041375281448487557,
    "potential": 1.2752516613602942,
    "e_id": 47,
    "tspan": [
        4725,
        4775
    ],
    "r_id": null,
    "rate_calc_kwargs": {},
    "description": null,
    "t_id": 297
}