{
    "tof_type": "activity",
    "rate": 5.056163967640374e-13,
    "tof": 0.00039616567295828266,
    "potential": 1.2752516613602942,
    "current": -2.3937687325932707e-06,
    "e_id": 47,
    "tspan": [
        4725,
        4775
    ],
    "r_id": null,
    "rate_calc_kwargs": {},
    "description": null,
    "t_id": 297
}