{
    "tof_type": "activity",
    "rate": 9.778834789365126e-13,
    "tof": 0.000766201153655357,
    "potential": 1.3470087117999996,
    "e_id": 47,
    "tspan": [
        4850,
        4900
    ],
    "r_id": null,
    "rate_calc_kwargs": {},
    "description": null,
    "t_id": 298
}