{
    "tof_type": "activity",
    "rate": 7.765923501738782e-13,
    "tof": 0.0006084834926041137,
    "potential": 1.3422318129800002,
    "e_id": 47,
    "tspan": [
        5025,
        5075
    ],
    "r_id": null,
    "rate_calc_kwargs": {},
    "description": null,
    "t_id": 299
}