{
    "tof_type": "activity",
    "rate": 7.629850474132906e-13,
    "tof": 0.0005978217611219144,
    "potential": 1.3422318129800002,
    "current": 3.4455053537362166e-07,
    "e_id": 47,
    "tspan": [
        5025,
        5075
    ],
    "r_id": null,
    "rate_calc_kwargs": {},
    "description": null,
    "t_id": 299
}