{
    "tof_type": "activity",
    "rate": 2.4217743272907943e-13,
    "tof": 0.00018975331145599627,
    "potential": 1.3322308149400002,
    "e_id": 47,
    "tspan": [
        5200,
        5250
    ],
    "r_id": null,
    "rate_calc_kwargs": {},
    "description": null,
    "t_id": 300
}