{
    "tof_type": "activity",
    "rate": 2.336223566827145e-13,
    "tof": 0.0001830501517467609,
    "potential": 1.3322308149400002,
    "e_id": 47,
    "tspan": [
        5200,
        5250
    ],
    "r_id": null,
    "rate_calc_kwargs": {},
    "description": null,
    "t_id": 300
}