{
    "tof_type": "activity",
    "rate": 2.537583233074582e-13,
    "tof": 0.00019882728797021283,
    "potential": 1.33222879376,
    "e_id": 47,
    "tspan": [
        5375,
        5425
    ],
    "r_id": null,
    "rate_calc_kwargs": {},
    "description": null,
    "t_id": 301
}