{
    "tof_type": "activity",
    "rate": 2.5014498591024584e-13,
    "tof": 0.00019599612930772976,
    "potential": 1.33222879376,
    "current": 1.6436425089975755e-07,
    "e_id": 47,
    "tspan": [
        5375,
        5425
    ],
    "r_id": null,
    "rate_calc_kwargs": {},
    "description": null,
    "t_id": 301
}