{
    "tof_type": "activity",
    "rate": 2.006898811844168e-13,
    "tof": 0.000157246565467786,
    "potential": 1.33193447708,
    "e_id": 47,
    "tspan": [
        5550,
        5600
    ],
    "r_id": null,
    "rate_calc_kwargs": {},
    "description": null,
    "t_id": 302
}