{
    "tof_type": "activity",
    "rate": 2.339399630926762e-13,
    "tof": 0.0001832990059333412,
    "potential": 1.32217358062,
    "e_id": 47,
    "tspan": [
        5725,
        5775
    ],
    "r_id": null,
    "rate_calc_kwargs": {},
    "description": null,
    "t_id": 303
}