{
    "tof_type": "activity",
    "rate": 2.2680350640118754e-13,
    "tof": 0.00017770737720884658,
    "potential": 1.32217358062,
    "current": 7.770474339649005e-08,
    "e_id": 47,
    "tspan": [
        5725,
        5775
    ],
    "r_id": null,
    "rate_calc_kwargs": {},
    "description": null,
    "t_id": 303
}