{
    "tof_type": "activity",
    "rate": 4.631577383030492e-14,
    "tof": 3.628980354572916e-05,
    "potential": 1.31226243492,
    "e_id": 47,
    "tspan": [
        5875,
        5925
    ],
    "r_id": null,
    "rate_calc_kwargs": {},
    "description": null,
    "t_id": 304
}