{
    "tof_type": "activity",
    "rate": 5.718837843160045e-13,
    "tof": 0.0009371295971380162,
    "potential": 1.3221949853200001,
    "e_id": 48,
    "tspan": [
        1425,
        1475
    ],
    "r_id": null,
    "rate_calc_kwargs": {},
    "description": null,
    "t_id": 305
}