{
    "tof_type": "activity",
    "rate": 6.595833243674874e-13,
    "tof": 0.001080840324547315,
    "potential": 1.328146719612756,
    "e_id": 48,
    "tspan": [
        1625,
        1675
    ],
    "r_id": null,
    "rate_calc_kwargs": {},
    "description": null,
    "t_id": 306
}