{
    "tof_type": "activity",
    "rate": 9.24778187105986e-13,
    "tof": 0.0015154075595292312,
    "potential": 1.3420237609599999,
    "e_id": 48,
    "tspan": [
        1775,
        1825
    ],
    "r_id": null,
    "rate_calc_kwargs": {},
    "description": null,
    "t_id": 307
}