{
    "tof_type": "activity",
    "rate": 2.4238581110236913e-12,
    "tof": 0.003971906945779397,
    "potential": 1.36229736884,
    "e_id": 48,
    "tspan": [
        2125,
        2175
    ],
    "r_id": null,
    "rate_calc_kwargs": {},
    "description": null,
    "t_id": 309
}