{
    "tof_type": "activity",
    "rate": 2.453048190884505e-12,
    "tof": 0.0040197398945892825,
    "potential": 1.36229736884,
    "e_id": 48,
    "tspan": [
        2125,
        2175
    ],
    "r_id": null,
    "rate_calc_kwargs": {},
    "description": null,
    "t_id": 309
}