{
    "tof_type": "activity",
    "rate": 4.09733089731329e-12,
    "tof": 0.0067141789266377235,
    "potential": 1.37205837886,
    "e_id": 48,
    "tspan": [
        2325,
        2375
    ],
    "r_id": null,
    "rate_calc_kwargs": {},
    "description": null,
    "t_id": 310
}