{
    "tof_type": "activity",
    "rate": 6.41161174682787e-12,
    "tof": 0.010506524748724237,
    "potential": 1.3823375527200001,
    "e_id": 48,
    "tspan": [
        2525,
        2575
    ],
    "r_id": null,
    "rate_calc_kwargs": {},
    "description": null,
    "t_id": 311
}