{
    "tof_type": "activity",
    "rate": 9.15937779473768e-12,
    "tof": 0.015009210364451313,
    "potential": 1.3922550308,
    "e_id": 48,
    "tspan": [
        2700,
        2750
    ],
    "r_id": null,
    "rate_calc_kwargs": {},
    "description": null,
    "t_id": 312
}