{
    "tof_type": "activity",
    "rate": 1.4050171083410635e-11,
    "tof": 0.023023613412758086,
    "potential": 1.4021459935399998,
    "current": 6.7903964002716035e-06,
    "e_id": 48,
    "tspan": [
        2900,
        2950
    ],
    "r_id": null,
    "rate_calc_kwargs": {},
    "description": null,
    "t_id": 313
}