{
    "tof_type": "activity",
    "rate": 2.5900149909620445e-11,
    "tof": 0.042441834715853784,
    "potential": 1.42217683022,
    "e_id": 48,
    "tspan": [
        3125,
        3175
    ],
    "r_id": null,
    "rate_calc_kwargs": {},
    "description": null,
    "t_id": 314
}