{
    "tof_type": "activity",
    "rate": 1.0131957527878596e-11,
    "tof": 0.01660294894998064,
    "potential": 1.3919185554399998,
    "e_id": 48,
    "tspan": [
        3525,
        3575
    ],
    "r_id": null,
    "rate_calc_kwargs": {},
    "description": null,
    "t_id": 316
}