{
    "tof_type": "activity",
    "rate": 6.539749928785864e-12,
    "tof": 0.010716501121773378,
    "potential": 1.3822325168799998,
    "e_id": 48,
    "tspan": [
        3700,
        3750
    ],
    "r_id": null,
    "rate_calc_kwargs": {},
    "description": null,
    "t_id": 317
}