{
    "tof_type": "activity",
    "rate": 3.7600617968828905e-12,
    "tof": 0.006161505700220808,
    "potential": 1.37234162966,
    "e_id": 48,
    "tspan": [
        3900,
        3950
    ],
    "r_id": null,
    "rate_calc_kwargs": {},
    "description": null,
    "t_id": 318
}