{
    "tof_type": "activity",
    "rate": 1.752682326407363e-12,
    "tof": 0.0028720703882547335,
    "potential": 1.3622915308399999,
    "e_id": 48,
    "tspan": [
        4100,
        4150
    ],
    "r_id": null,
    "rate_calc_kwargs": {},
    "description": null,
    "t_id": 319
}