{
    "tof_type": "activity",
    "rate": 9.077467899297489e-13,
    "tof": 0.0014874986962038722,
    "potential": 1.3522566913,
    "e_id": 48,
    "tspan": [
        4275,
        4325
    ],
    "r_id": null,
    "rate_calc_kwargs": {},
    "description": null,
    "t_id": 320
}