{
    "tof_type": "activity",
    "rate": 3.477445601807583e-13,
    "tof": 0.0001103140112060388,
    "potential": 1.3421712256399998,
    "current": 9.139067812195706e-07,
    "e_id": 48,
    "tspan": [
        4450,
        4500
    ],
    "r_id": null,
    "rate_calc_kwargs": {},
    "description": null,
    "t_id": 321,
    "amount": null
}