{
    "tof_type": "activity",
    "rate": 3.5623972756451627e-13,
    "tof": 0.0005837598503975435,
    "potential": 1.3421712256399998,
    "e_id": 48,
    "tspan": [
        4450,
        4500
    ],
    "r_id": null,
    "rate_calc_kwargs": {},
    "description": null,
    "t_id": 321
}