{
    "tof_type": "activity",
    "rate": 1.3164043099836781e-13,
    "tof": 0.00021571540836067528,
    "potential": 1.33225943012,
    "e_id": 48,
    "tspan": [
        4625,
        4675
    ],
    "r_id": null,
    "rate_calc_kwargs": {},
    "description": null,
    "t_id": 322
}