{
    "tof_type": "activity",
    "rate": 1.4972268449317153e-11,
    "tof": 0.0245346279872796,
    "potential": 1.40206690042,
    "e_id": 48,
    "tspan": [
        3325.0,
        3375.0
    ],
    "r_id": null,
    "rate_calc_kwargs": {},
    "description": null,
    "t_id": 324
}