{
    "tof_type": "activity",
    "rate": -4.504964479623641e-14,
    "tof": -0.0001516470647572022,
    "potential": 1.3222197464599998,
    "e_id": 49,
    "tspan": [
        75,
        125
    ],
    "r_id": null,
    "rate_calc_kwargs": {},
    "description": null,
    "t_id": 325
}