{
    "tof_type": "activity",
    "rate": -4.416004585393993e-14,
    "tof": -2.9412974279677076e-05,
    "potential": 1.3222197464599998,
    "current": 7.579897089229315e-08,
    "e_id": 49,
    "tspan": [
        75,
        125
    ],
    "r_id": null,
    "rate_calc_kwargs": {},
    "description": null,
    "t_id": 325,
    "amount": null
}