{
    "tof_type": "activity",
    "rate": 1.1417957385104558e-13,
    "tof": 0.00038435369042434295,
    "potential": 1.3325325333,
    "current": 9.729998639688243e-08,
    "e_id": 49,
    "tspan": [
        250,
        300
    ],
    "r_id": null,
    "rate_calc_kwargs": {},
    "description": null,
    "t_id": 326
}