{
    "tof_type": "activity",
    "rate": 1.164797079692417e-13,
    "tof": 0.0003920964504205655,
    "potential": 1.3325325333,
    "e_id": 49,
    "tspan": [
        250,
        300
    ],
    "r_id": null,
    "rate_calc_kwargs": {},
    "description": null,
    "t_id": 326
}