{
    "tof_type": "activity",
    "rate": 3.25960036470149e-13,
    "tof": 0.0010972535517744702,
    "potential": 1.3421438308200002,
    "current": 1.6485320970831806e-07,
    "e_id": 49,
    "tspan": [
        425,
        475
    ],
    "r_id": null,
    "rate_calc_kwargs": {},
    "description": null,
    "t_id": 327
}