{
    "tof_type": "activity",
    "rate": 6.838612116022534e-13,
    "tof": 0.00045548848147156735,
    "potential": 1.3521615001799998,
    "current": 3.098204195524689e-07,
    "e_id": 49,
    "tspan": [
        625,
        675
    ],
    "r_id": null,
    "rate_calc_kwargs": {},
    "description": null,
    "t_id": 328,
    "amount": null
}