{
    "tof_type": "activity",
    "rate": 6.891113715575127e-13,
    "tof": 0.002319701237605251,
    "potential": 1.3521615001799998,
    "e_id": 49,
    "tspan": [
        625,
        675
    ],
    "r_id": null,
    "rate_calc_kwargs": {},
    "description": null,
    "t_id": 328
}