{
    "tof_type": "activity",
    "rate": 1.3898723846914536e-12,
    "tof": 0.004678617744465775,
    "potential": 1.3621471192199999,
    "e_id": 49,
    "tspan": [
        800,
        850
    ],
    "r_id": null,
    "rate_calc_kwargs": {},
    "description": null,
    "t_id": 329
}