{
    "tof_type": "activity",
    "rate": 1.362426463442994e-12,
    "tof": 0.004586228705313263,
    "potential": 1.3621471192199999,
    "current": 6.060203749399757e-07,
    "e_id": 49,
    "tspan": [
        800,
        850
    ],
    "r_id": null,
    "rate_calc_kwargs": {},
    "description": null,
    "t_id": 329
}