{
    "tof_type": "activity",
    "rate": 2.8559356627748295e-12,
    "tof": 0.009613710881720423,
    "potential": 1.3721856979599998,
    "e_id": 49,
    "tspan": [
        975,
        1025
    ],
    "r_id": null,
    "rate_calc_kwargs": {},
    "description": null,
    "t_id": 330
}