{
    "tof_type": "activity",
    "rate": 6.222791451243961e-12,
    "tof": 0.020947291869795038,
    "potential": 1.3821337745,
    "e_id": 49,
    "tspan": [
        1175,
        1225
    ],
    "r_id": null,
    "rate_calc_kwargs": {},
    "description": null,
    "t_id": 331
}