{
    "tof_type": "activity",
    "rate": 2.0759553797191937e-11,
    "tof": 0.06988124797104711,
    "potential": 1.4022413774000002,
    "e_id": 49,
    "tspan": [
        1575,
        1625
    ],
    "r_id": null,
    "rate_calc_kwargs": {},
    "description": null,
    "t_id": 333
}