{
    "tof_type": "activity",
    "rate": 5.333257729573317e-11,
    "tof": 0.035522375349352896,
    "potential": 1.42231574586,
    "current": 2.0712180983862548e-05,
    "e_id": 49,
    "tspan": [
        1775,
        1825
    ],
    "r_id": null,
    "rate_calc_kwargs": {},
    "description": null,
    "t_id": 334,
    "amount": null
}