{
    "tof_type": "activity",
    "rate": 7.670654383576971e-11,
    "tof": 0.2582111861919928,
    "potential": 1.43247824734,
    "current": 2.9604774393125156e-05,
    "e_id": 49,
    "tspan": [
        1975,
        2025
    ],
    "r_id": null,
    "rate_calc_kwargs": {},
    "description": null,
    "t_id": 335
}