{
    "tof_type": "activity",
    "rate": 1.967718777560834e-11,
    "tof": 0.0641847328771629,
    "potential": 1.40238212544,
    "e_id": 50,
    "tspan": [
        125,
        175
    ],
    "r_id": null,
    "rate_calc_kwargs": {},
    "description": null,
    "t_id": 336
}