{
    "tof_type": "activity",
    "rate": 1.069654046462968e-11,
    "tof": 0.034890889910755785,
    "potential": 1.3924590398599999,
    "e_id": 50,
    "tspan": [
        300,
        350
    ],
    "r_id": null,
    "rate_calc_kwargs": {},
    "description": null,
    "t_id": 337
}