{
    "tof_type": "activity",
    "rate": 5.062219144907746e-12,
    "tof": 0.0032799587759052636,
    "potential": 1.38221786616,
    "current": 1.8908845438985136e-06,
    "e_id": 50,
    "tspan": [
        500,
        550
    ],
    "r_id": null,
    "rate_calc_kwargs": {},
    "description": null,
    "t_id": 338,
    "amount": null
}