{
    "tof_type": "activity",
    "rate": 5.565765770023442e-12,
    "tof": 0.01815489048941432,
    "potential": 1.38221786616,
    "e_id": 50,
    "tspan": [
        500,
        550
    ],
    "r_id": null,
    "rate_calc_kwargs": {},
    "description": null,
    "t_id": 338
}