{
    "tof_type": "activity",
    "rate": 2.763480688863838e-12,
    "tof": 0.009014157503024587,
    "potential": 1.3723112604799999,
    "e_id": 50,
    "tspan": [
        700,
        750
    ],
    "r_id": null,
    "rate_calc_kwargs": {},
    "description": null,
    "t_id": 339
}