{
    "tof_type": "activity",
    "rate": 1.3917100136614037e-12,
    "tof": 0.004539598670703255,
    "potential": 1.36228088638,
    "e_id": 50,
    "tspan": [
        875,
        925
    ],
    "r_id": null,
    "rate_calc_kwargs": {},
    "description": null,
    "t_id": 340
}