{
    "tof_type": "activity",
    "rate": 1.4144945319651725e-12,
    "tof": 0.004613919159877781,
    "potential": 1.36228088638,
    "e_id": 50,
    "tspan": [
        875,
        925
    ],
    "r_id": null,
    "rate_calc_kwargs": {},
    "description": null,
    "t_id": 340
}