{
    "tof_type": "activity",
    "rate": 6.359405346904845e-13,
    "tof": 0.0004120443382642126,
    "potential": 1.3523095717400002,
    "current": 1.991384309327692e-07,
    "e_id": 50,
    "tspan": [
        1075,
        1125
    ],
    "r_id": null,
    "rate_calc_kwargs": {},
    "description": null,
    "t_id": 341,
    "amount": null
}