{
    "tof_type": "activity",
    "rate": 6.991985053257128e-13,
    "tof": 0.0022807054445083174,
    "potential": 1.3523095717400002,
    "e_id": 50,
    "tspan": [
        1075,
        1125
    ],
    "r_id": null,
    "rate_calc_kwargs": {},
    "description": null,
    "t_id": 341
}