{
    "tof_type": "activity",
    "rate": 7.213627059984401e-13,
    "tof": 0.00235300252861595,
    "potential": 1.3523095717400002,
    "e_id": 50,
    "tspan": [
        1075,
        1125
    ],
    "r_id": null,
    "rate_calc_kwargs": {},
    "description": null,
    "t_id": 341
}