{
    "tof_type": "activity",
    "rate": 3.6326766701986713e-13,
    "tof": 0.001184937524430342,
    "potential": 1.3422165523599998,
    "e_id": 50,
    "tspan": [
        1250,
        1300
    ],
    "r_id": null,
    "rate_calc_kwargs": {},
    "description": null,
    "t_id": 342
}