{
    "tof_type": "activity",
    "rate": 3.7636050615320504e-13,
    "tof": 0.001227644866148078,
    "potential": 1.3422165523599998,
    "e_id": 50,
    "tspan": [
        1250,
        1300
    ],
    "r_id": null,
    "rate_calc_kwargs": {},
    "description": null,
    "t_id": 342
}