{
    "tof_type": "activity",
    "rate": 2.281444570789968e-13,
    "tof": 0.0007441810893918786,
    "potential": 1.3322647713400002,
    "e_id": 50,
    "tspan": [
        1425,
        1475
    ],
    "r_id": null,
    "rate_calc_kwargs": {},
    "description": null,
    "t_id": 343
}