{
    "tof_type": "activity",
    "rate": 1.8221100683319375e-11,
    "tof": 0.06409954920364641,
    "potential": 1.4793628858799999,
    "e_id": 53,
    "tspan": [
        6350.0,
        6400.0
    ],
    "r_id": null,
    "rate_calc_kwargs": {},
    "description": null,
    "t_id": 345
}