{
    "tof_type": "activity",
    "rate": 7.846137186097792e-12,
    "tof": 0.02760172754433267,
    "potential": 1.4592188081599997,
    "e_id": 53,
    "tspan": [
        6100,
        6150
    ],
    "r_id": null,
    "rate_calc_kwargs": {},
    "description": null,
    "t_id": 346
}