{
    "tof_type": "activity",
    "rate": 7.2030419623426365e-12,
    "tof": 0.02533939912333554,
    "potential": 1.4592188081599997,
    "current": 3.374062995274938e-06,
    "e_id": 53,
    "tspan": [
        6100,
        6150
    ],
    "r_id": null,
    "rate_calc_kwargs": {},
    "description": null,
    "t_id": 346
}