{
    "tof_type": "activity",
    "rate": 4.814957285597664e-12,
    "tof": 0.016938416443972926,
    "potential": 1.4492456253800001,
    "current": 2.3965114707233544e-06,
    "e_id": 53,
    "tspan": [
        5900,
        5950
    ],
    "r_id": null,
    "rate_calc_kwargs": {},
    "description": null,
    "t_id": 347
}