{
    "tof_type": "activity",
    "rate": 3.685756013844012e-12,
    "tof": 0.012966027852439855,
    "potential": 1.4392825155,
    "e_id": 53,
    "tspan": [
        5675,
        5725
    ],
    "r_id": null,
    "rate_calc_kwargs": {},
    "description": null,
    "t_id": 348
}