{
    "tof_type": "activity",
    "rate": 2.619152092452056e-12,
    "tof": 0.009213848896387294,
    "potential": 1.42929120986,
    "e_id": 53,
    "tspan": [
        5450,
        5500
    ],
    "r_id": null,
    "rate_calc_kwargs": {},
    "description": null,
    "t_id": 349
}