{
    "tof_type": "activity",
    "rate": -1.6971038861876997e-13,
    "tof": -0.000597019883414478,
    "potential": 1.4192364563400002,
    "e_id": 53,
    "tspan": [
        5250,
        5300
    ],
    "r_id": null,
    "rate_calc_kwargs": {},
    "description": null,
    "t_id": 350
}