{
    "tof_type": "activity",
    "rate": 1.7067907602534064e-12,
    "tof": 0.006004276043397716,
    "potential": 1.4192364563400002,
    "current": 1.0786208936436273e-06,
    "e_id": 53,
    "tspan": [
        5250,
        5300
    ],
    "r_id": null,
    "rate_calc_kwargs": {},
    "description": null,
    "t_id": 350
}