{
    "tof_type": "activity",
    "rate": 1.8591748490323946e-12,
    "tof": 0.006540344174862657,
    "potential": 1.4192364563400002,
    "e_id": 53,
    "tspan": [
        5250,
        5300
    ],
    "r_id": null,
    "rate_calc_kwargs": {},
    "description": null,
    "t_id": 350
}