{
    "tof_type": "activity",
    "rate": -6.155896279013221e-13,
    "tof": -0.0021655671810780447,
    "potential": 1.40936620972,
    "e_id": 53,
    "tspan": [
        5050,
        5100
    ],
    "r_id": null,
    "rate_calc_kwargs": {},
    "description": null,
    "t_id": 351
}