{
    "tof_type": "activity",
    "rate": 1.340023884343793e-12,
    "tof": 0.00471403612775102,
    "potential": 1.40936620972,
    "e_id": 53,
    "tspan": [
        5050,
        5100
    ],
    "r_id": null,
    "rate_calc_kwargs": {},
    "description": null,
    "t_id": 351
}