{
    "tof_type": "activity",
    "rate": 1.3371440183448287e-12,
    "tof": 0.004703905119997492,
    "potential": 1.4091476108216432,
    "e_id": 53,
    "tspan": [
        4850,
        4900
    ],
    "r_id": null,
    "rate_calc_kwargs": {},
    "description": null,
    "t_id": 352
}