{
    "tof_type": "activity",
    "rate": -5.630795625719669e-13,
    "tof": -0.001980843350461874,
    "potential": 1.4091476108216432,
    "e_id": 53,
    "tspan": [
        4850,
        4900
    ],
    "r_id": null,
    "rate_calc_kwargs": {},
    "description": null,
    "t_id": 352
}