{
    "tof_type": "activity",
    "rate": 9.642218487568994e-13,
    "tof": 0.003392011652413767,
    "potential": 1.3992163772200001,
    "e_id": 53,
    "tspan": [
        4625,
        4675
    ],
    "r_id": null,
    "rate_calc_kwargs": {},
    "description": null,
    "t_id": 353
}