{
    "tof_type": "activity",
    "rate": 7.043735719185251e-13,
    "tof": 0.0024778979720073966,
    "potential": 1.3890958373747495,
    "e_id": 53,
    "tspan": [
        4450,
        4500
    ],
    "r_id": null,
    "rate_calc_kwargs": {},
    "description": null,
    "t_id": 354
}