{
    "tof_type": "activity",
    "rate": 4.953453989609918e-13,
    "tof": 0.0017425630495838812,
    "potential": 1.37935830096,
    "e_id": 53,
    "tspan": [
        4250,
        4300
    ],
    "r_id": null,
    "rate_calc_kwargs": {},
    "description": null,
    "t_id": 355
}