{
    "tof_type": "activity",
    "rate": -1.2289368896353979e-12,
    "tof": -0.004323245998935443,
    "potential": 1.37935830096,
    "e_id": 53,
    "tspan": [
        4250,
        4300
    ],
    "r_id": null,
    "rate_calc_kwargs": {},
    "description": null,
    "t_id": 355
}