{
    "tof_type": "activity",
    "rate": 5.0317284953657e-13,
    "tof": 0.0017700990399737322,
    "potential": 1.37913399542,
    "e_id": 53,
    "tspan": [
        4050,
        4100
    ],
    "r_id": null,
    "rate_calc_kwargs": {},
    "description": null,
    "t_id": 356
}