{
    "tof_type": "activity",
    "rate": -1.0574201212263203e-12,
    "tof": -0.0037198714977477758,
    "potential": 1.37913399542,
    "e_id": 53,
    "tspan": [
        4050,
        4100
    ],
    "r_id": null,
    "rate_calc_kwargs": {},
    "description": null,
    "t_id": 356
}