{
    "tof_type": "activity",
    "rate": 2.787825946993649e-13,
    "tof": 0.0009807222382790088,
    "potential": 1.37012758588,
    "current": 4.284588728194759e-07,
    "e_id": 53,
    "tspan": [
        2700,
        2750
    ],
    "r_id": null,
    "rate_calc_kwargs": {},
    "description": null,
    "t_id": 357
}