{
    "tof_type": "activity",
    "rate": -2.4510595493924785e-13,
    "tof": -0.000862252039094321,
    "potential": 1.37012758588,
    "e_id": 53,
    "tspan": [
        2700,
        2750
    ],
    "r_id": null,
    "rate_calc_kwargs": {},
    "description": null,
    "t_id": 357
}