{
    "tof_type": "activity",
    "rate": 3.0367260034621835e-13,
    "tof": 0.00106828215956851,
    "potential": 1.37012758588,
    "e_id": 53,
    "tspan": [
        2700,
        2750
    ],
    "r_id": null,
    "rate_calc_kwargs": {},
    "description": null,
    "t_id": 357
}