{
    "tof_type": "activity",
    "rate": 1.9605452008021986e-13,
    "tof": 0.0006896952371260361,
    "potential": 1.3594614582,
    "e_id": 53,
    "tspan": [
        2525,
        2575
    ],
    "r_id": null,
    "rate_calc_kwargs": {},
    "description": null,
    "t_id": 358
}