{
    "tof_type": "activity",
    "rate": 1.7998524644037107e-13,
    "tof": 0.0006331655458496306,
    "potential": 1.3594614582,
    "current": 3.624654128839437e-07,
    "e_id": 53,
    "tspan": [
        2525,
        2575
    ],
    "r_id": null,
    "rate_calc_kwargs": {},
    "description": null,
    "t_id": 358
}