{
    "tof_type": "activity",
    "rate": 1.1049718305164872e-13,
    "tof": 0.00038871524530718904,
    "potential": 1.34971349572,
    "e_id": 53,
    "tspan": [
        2350,
        2400
    ],
    "r_id": null,
    "rate_calc_kwargs": {},
    "description": null,
    "t_id": 359
}