{
    "tof_type": "activity",
    "rate": -1.7900938316249268e-13,
    "tof": -0.0006297325811081723,
    "potential": 1.33891623554,
    "e_id": 53,
    "tspan": [
        2150,
        2200
    ],
    "r_id": null,
    "rate_calc_kwargs": {},
    "description": null,
    "t_id": 360
}