{
    "tof_type": "activity",
    "rate": 3.4293359660971065e-14,
    "tof": 0.00012063974252439667,
    "potential": 1.33891623554,
    "e_id": 53,
    "tspan": [
        2150,
        2200
    ],
    "r_id": null,
    "rate_calc_kwargs": {},
    "description": null,
    "t_id": 360
}