{
    "tof_type": "activity",
    "rate": 2.90690797351642e-14,
    "tof": 0.0001022613803179663,
    "potential": 1.3290311490600002,
    "e_id": 53,
    "tspan": [
        2000,
        2050
    ],
    "r_id": null,
    "rate_calc_kwargs": {},
    "description": null,
    "t_id": 361
}