{
    "tof_type": "activity",
    "rate": 2.181241727606003e-13,
    "tof": 0.00020882446467716172,
    "potential": 1.31905232058,
    "e_id": 54,
    "tspan": [
        1300,
        1350
    ],
    "r_id": null,
    "rate_calc_kwargs": {},
    "description": null,
    "t_id": 362
}