{
    "tof_type": "activity",
    "rate": 5.482132767641842e-13,
    "tof": 0.0005248402439780944,
    "potential": 1.32851703038,
    "e_id": 54,
    "tspan": [
        1475,
        1525
    ],
    "r_id": null,
    "rate_calc_kwargs": {},
    "description": null,
    "t_id": 363
}