{
    "tof_type": "activity",
    "rate": 4.836939838864077e-13,
    "tof": 0.0004630717264129272,
    "potential": 1.32851703038,
    "current": 8.814666343733296e-07,
    "e_id": 54,
    "tspan": [
        1475,
        1525
    ],
    "r_id": null,
    "rate_calc_kwargs": {},
    "description": null,
    "t_id": 363
}