{
    "tof_type": "activity",
    "rate": 2.384382439179093e-12,
    "tof": 0.0022827244690283945,
    "potential": 1.3399124624799998,
    "e_id": 54,
    "tspan": [
        1650,
        1700
    ],
    "r_id": null,
    "rate_calc_kwargs": {},
    "description": null,
    "t_id": 364
}