{
    "tof_type": "activity",
    "rate": 1.3833266466519614e-12,
    "tof": 0.0013243486166835702,
    "potential": 1.3399124624799998,
    "e_id": 54,
    "tspan": [
        1650,
        1700
    ],
    "r_id": null,
    "rate_calc_kwargs": {},
    "description": null,
    "t_id": 364
}