{
    "tof_type": "activity",
    "rate": 3.547376301552507e-12,
    "tof": 0.0033961341735066915,
    "potential": 1.34985107734,
    "e_id": 54,
    "tspan": [
        1825,
        1875
    ],
    "r_id": null,
    "rate_calc_kwargs": {},
    "description": null,
    "t_id": 365
}