{
    "tof_type": "activity",
    "rate": 3.517831364118443e-12,
    "tof": 0.003367848882309919,
    "potential": 1.3489563762,
    "e_id": 54,
    "tspan": [
        2000,
        2050
    ],
    "r_id": null,
    "rate_calc_kwargs": {},
    "description": null,
    "t_id": 366
}