{
    "tof_type": "activity",
    "rate": 8.457107962792508e-12,
    "tof": 0.00809653978601178,
    "potential": 1.3595727906,
    "e_id": 54,
    "tspan": [
        2175,
        2225
    ],
    "r_id": null,
    "rate_calc_kwargs": {},
    "description": null,
    "t_id": 367
}