{
    "tof_type": "activity",
    "rate": 9.192274949067621e-12,
    "tof": 0.008800362981828402,
    "potential": 1.3595727906,
    "e_id": 54,
    "tspan": [
        2175,
        2225
    ],
    "r_id": null,
    "rate_calc_kwargs": {},
    "description": null,
    "t_id": 367
}