{
    "tof_type": "activity",
    "rate": 1.8886006306376248e-11,
    "tof": 0.018080802814766702,
    "potential": 1.3694119009599999,
    "e_id": 54,
    "tspan": [
        2375,
        2425
    ],
    "r_id": null,
    "rate_calc_kwargs": {},
    "description": null,
    "t_id": 368
}