{
    "tof_type": "activity",
    "rate": 3.6607624670058814e-11,
    "tof": 0.03504686128124689,
    "potential": 1.37903506398,
    "e_id": 54,
    "tspan": [
        2550,
        2600
    ],
    "r_id": null,
    "rate_calc_kwargs": {},
    "description": null,
    "t_id": 369
}