{
    "tof_type": "activity",
    "rate": 3.2299268492353144e-11,
    "tof": 0.006184438310541881,
    "potential": 1.37903506398,
    "current": 1.313403877726863e-05,
    "e_id": 54,
    "tspan": [
        2550,
        2600
    ],
    "r_id": null,
    "rate_calc_kwargs": {},
    "description": null,
    "t_id": 369,
    "amount": null
}