{
    "tof_type": "activity",
    "rate": 6.118551525220951e-11,
    "tof": 0.058576875303785116,
    "potential": 1.3900138202799999,
    "e_id": 54,
    "tspan": [
        2750,
        2800
    ],
    "r_id": null,
    "rate_calc_kwargs": {},
    "description": null,
    "t_id": 370
}