{
    "tof_type": "activity",
    "rate": 9.254838104630966e-11,
    "tof": 0.08860258761849851,
    "potential": 1.40017063588,
    "e_id": 54,
    "tspan": [
        2950,
        3000
    ],
    "r_id": null,
    "rate_calc_kwargs": {},
    "description": null,
    "t_id": 371
}