{
    "tof_type": "activity",
    "rate": 6.103331872994009e-11,
    "tof": 0.05843116766906312,
    "potential": 1.3884540274800001,
    "e_id": 54,
    "tspan": [
        3550,
        3600
    ],
    "r_id": null,
    "rate_calc_kwargs": {},
    "description": null,
    "t_id": 374
}