{
    "tof_type": "activity",
    "rate": 6.157859765291198e-11,
    "tof": 0.05895319866520731,
    "potential": 1.3884540274800001,
    "e_id": 54,
    "tspan": [
        3550,
        3600
    ],
    "r_id": null,
    "rate_calc_kwargs": {},
    "description": null,
    "t_id": 374
}