{
    "tof_type": "activity",
    "rate": 3.292530052017636e-11,
    "tof": 0.031521532751011265,
    "potential": 1.3799145016000003,
    "e_id": 54,
    "tspan": [
        3950,
        4000
    ],
    "r_id": null,
    "rate_calc_kwargs": {},
    "description": null,
    "t_id": 376
}