{
    "tof_type": "activity",
    "rate": 1.3475165565701645e-11,
    "tof": 0.012900652871619971,
    "potential": 1.3685012145,
    "current": 5.789644230763574e-06,
    "e_id": 54,
    "tspan": [
        4125,
        4175
    ],
    "r_id": null,
    "rate_calc_kwargs": {},
    "description": null,
    "t_id": 377
}