{
    "tof_type": "activity",
    "rate": 6.456222307184479e-12,
    "tof": 0.006180961743356474,
    "potential": 1.35828537456,
    "e_id": 54,
    "tspan": [
        4325,
        4375
    ],
    "r_id": null,
    "rate_calc_kwargs": {},
    "description": null,
    "t_id": 378
}