{
    "tof_type": "activity",
    "rate": 6.673218206078765e-12,
    "tof": 0.006388706038040735,
    "potential": 1.35828537456,
    "e_id": 54,
    "tspan": [
        4325,
        4375
    ],
    "r_id": null,
    "rate_calc_kwargs": {},
    "description": null,
    "t_id": 378
}