{
    "tof_type": "activity",
    "rate": 2.6823687536819458e-12,
    "tof": 0.0025680061589008645,
    "potential": 1.34753393712,
    "e_id": 54,
    "tspan": [
        4500,
        4550
    ],
    "r_id": null,
    "rate_calc_kwargs": {},
    "description": null,
    "t_id": 379
}