{
    "tof_type": "activity",
    "rate": 1.0537571180804402e-12,
    "tof": 0.0010088302607543195,
    "potential": 1.3394808306400001,
    "e_id": 54,
    "tspan": [
        4675,
        4725
    ],
    "r_id": null,
    "rate_calc_kwargs": {},
    "description": null,
    "t_id": 380
}