{
    "tof_type": "activity",
    "rate": 4.93414078973759e-13,
    "tof": 0.0004723774059602144,
    "potential": 1.32863267374,
    "e_id": 54,
    "tspan": [
        4850,
        4900
    ],
    "r_id": null,
    "rate_calc_kwargs": {},
    "description": null,
    "t_id": 381
}