{
    "tof_type": "activity",
    "rate": 3.953562020651252e-13,
    "tof": 0.0003785002194307844,
    "potential": 1.32863267374,
    "e_id": 54,
    "tspan": [
        4850,
        4900
    ],
    "r_id": null,
    "rate_calc_kwargs": {},
    "description": null,
    "t_id": 381
}