{
    "tof_type": "activity",
    "rate": 1.956997437465815e-13,
    "tof": 0.00018735609954697961,
    "potential": 1.31899833318,
    "e_id": 54,
    "tspan": [
        5025,
        5075
    ],
    "r_id": null,
    "rate_calc_kwargs": {},
    "description": null,
    "t_id": 382
}