{
    "tof_type": "activity",
    "rate": 1.0327876263275025e-13,
    "tof": 1.977509603483928e-05,
    "potential": 1.31899833318,
    "current": 5.420880855165056e-07,
    "e_id": 54,
    "tspan": [
        5025,
        5075
    ],
    "r_id": null,
    "rate_calc_kwargs": {},
    "description": null,
    "t_id": 382,
    "amount": null
}