{
    "tof_type": "activity",
    "rate": 2.1092583085192352e-14,
    "tof": 2.019330235470105e-05,
    "potential": 1.30899737478,
    "e_id": 54,
    "tspan": [
        5175,
        5225
    ],
    "r_id": null,
    "rate_calc_kwargs": {},
    "description": null,
    "t_id": 383
}