{
    "tof_type": "activity",
    "rate": 4.546552191834053e-14,
    "tof": 4.352710273100084e-05,
    "potential": 1.30899737478,
    "e_id": 54,
    "tspan": [
        5175,
        5225
    ],
    "r_id": null,
    "rate_calc_kwargs": {},
    "description": null,
    "t_id": 383
}