{
    "tof_type": "activity",
    "rate": 5.202184232156846e-13,
    "tof": 0.00040377585088028213,
    "potential": 1.3292496541799999,
    "e_id": 55,
    "tspan": [
        1375,
        1425
    ],
    "r_id": null,
    "rate_calc_kwargs": {},
    "description": null,
    "t_id": 384
}