{
    "tof_type": "activity",
    "rate": 2.09520670646163e-12,
    "tof": 0.001626228201304716,
    "potential": 1.3407355483999999,
    "e_id": 55,
    "tspan": [
        1550,
        1600
    ],
    "r_id": null,
    "rate_calc_kwargs": {},
    "description": null,
    "t_id": 385
}