{
    "tof_type": "activity",
    "rate": 1.481432589979672e-12,
    "tof": 0.0011498376025272368,
    "potential": 1.3407355483999999,
    "e_id": 55,
    "tspan": [
        1550,
        1600
    ],
    "r_id": null,
    "rate_calc_kwargs": {},
    "description": null,
    "t_id": 385
}