{
    "tof_type": "activity",
    "rate": 2.0029653197516283e-12,
    "tof": 0.0015546335734655434,
    "potential": 1.3409751536399999,
    "e_id": 55,
    "tspan": [
        1725,
        1775
    ],
    "r_id": null,
    "rate_calc_kwargs": {},
    "description": null,
    "t_id": 386
}