{
    "tof_type": "activity",
    "rate": 1.4362227312477546e-12,
    "tof": 0.0011147472474705709,
    "potential": 1.3409751536399999,
    "e_id": 55,
    "tspan": [
        1725,
        1775
    ],
    "r_id": null,
    "rate_calc_kwargs": {},
    "description": null,
    "t_id": 386
}