{
    "tof_type": "activity",
    "rate": 3.6685940933323e-12,
    "tof": 0.002847437990398656,
    "potential": 1.3499650045,
    "e_id": 55,
    "tspan": [
        1900,
        1950
    ],
    "r_id": null,
    "rate_calc_kwargs": {},
    "description": null,
    "t_id": 387
}