{
    "tof_type": "activity",
    "rate": 9.071293558725765e-12,
    "tof": 0.007040829605030577,
    "potential": 1.35932257936,
    "e_id": 55,
    "tspan": [
        2075,
        2125
    ],
    "r_id": null,
    "rate_calc_kwargs": {},
    "description": null,
    "t_id": 388
}