{
    "tof_type": "activity",
    "rate": 2.378587309575448e-11,
    "tof": 0.01846178589524261,
    "potential": 1.3674835831999999,
    "e_id": 55,
    "tspan": [
        2275,
        2325
    ],
    "r_id": null,
    "rate_calc_kwargs": {},
    "description": null,
    "t_id": 389
}