{
    "tof_type": "activity",
    "rate": 1.4870307149083508e-10,
    "tof": 0.11541826767413313,
    "potential": 1.38919832534,
    "e_id": 55,
    "tspan": [
        2650,
        2700
    ],
    "r_id": null,
    "rate_calc_kwargs": {},
    "description": null,
    "t_id": 390
}