{
    "tof_type": "activity",
    "rate": 2.8207593639878073e-10,
    "tof": 0.21893775027849896,
    "potential": 1.39866433376,
    "e_id": 55,
    "tspan": [
        2850,
        2900
    ],
    "r_id": null,
    "rate_calc_kwargs": {},
    "description": null,
    "t_id": 391
}