{
    "tof_type": "activity",
    "rate": 8.735589101817242e-11,
    "tof": 0.06780267220686986,
    "potential": 1.364592632314743,
    "e_id": 55,
    "tspan": [
        3250,
        3300
    ],
    "r_id": null,
    "rate_calc_kwargs": {},
    "description": null,
    "t_id": 393
}