{
    "tof_type": "activity",
    "rate": 4.762356416298924e-11,
    "tof": 0.03696379113795855,
    "potential": 1.364592632314743,
    "e_id": 55,
    "tspan": [
        3250,
        3300
    ],
    "r_id": null,
    "rate_calc_kwargs": {},
    "description": null,
    "t_id": 393
}