{
    "tof_type": "activity",
    "rate": 1.7678604477650352e-11,
    "tof": 0.013721531662056715,
    "potential": 1.36836706658,
    "e_id": 55,
    "tspan": [
        3425,
        3475
    ],
    "r_id": null,
    "rate_calc_kwargs": {},
    "description": null,
    "t_id": 394
}