{
    "tof_type": "activity",
    "rate": 6.824596582069772e-12,
    "tof": 0.0052970198071924145,
    "potential": 1.3602589434799999,
    "e_id": 55,
    "tspan": [
        3625,
        3675
    ],
    "r_id": null,
    "rate_calc_kwargs": {},
    "description": null,
    "t_id": 395
}