{
    "tof_type": "activity",
    "rate": 7.052943227478247e-12,
    "tof": 0.005474254708785352,
    "potential": 1.3602589434799999,
    "e_id": 55,
    "tspan": [
        3625,
        3675
    ],
    "r_id": null,
    "rate_calc_kwargs": {},
    "description": null,
    "t_id": 395
}