{
    "tof_type": "activity",
    "rate": 2.809724905564856e-12,
    "tof": 0.00218081293136672,
    "potential": 1.3489484395199998,
    "e_id": 55,
    "tspan": [
        3800,
        3850
    ],
    "r_id": null,
    "rate_calc_kwargs": {},
    "description": null,
    "t_id": 396
}