{
    "tof_type": "activity",
    "rate": 1.3139933893895355e-12,
    "tof": 0.0010198769885392041,
    "potential": 1.3410252863999998,
    "e_id": 55,
    "tspan": [
        3975,
        4025
    ],
    "r_id": null,
    "rate_calc_kwargs": {},
    "description": null,
    "t_id": 397
}