{
    "tof_type": "activity",
    "rate": 1.1090761206779546e-12,
    "tof": 0.00017216543449176402,
    "potential": 1.3410252863999998,
    "current": 3.273306042749459e-07,
    "e_id": 55,
    "tspan": [
        3975,
        4025
    ],
    "r_id": null,
    "rate_calc_kwargs": {},
    "description": null,
    "t_id": 397,
    "amount": null
}