{
    "tof_type": "activity",
    "rate": 5.958108588338211e-13,
    "tof": 0.00046244812900367977,
    "potential": 1.32909013344,
    "e_id": 55,
    "tspan": [
        4150,
        4200
    ],
    "r_id": null,
    "rate_calc_kwargs": {},
    "description": null,
    "t_id": 398
}