{
    "tof_type": "activity",
    "rate": 4.812679589246668e-13,
    "tof": 0.0003735438249476535,
    "potential": 1.32909013344,
    "e_id": 55,
    "tspan": [
        4150,
        4200
    ],
    "r_id": null,
    "rate_calc_kwargs": {},
    "description": null,
    "t_id": 398
}