{
    "tof_type": "activity",
    "rate": 1.3854482848500143e-13,
    "tof": 0.00010753378486828564,
    "potential": 1.3187013072,
    "e_id": 55,
    "tspan": [
        4325,
        4375
    ],
    "r_id": null,
    "rate_calc_kwargs": {},
    "description": null,
    "t_id": 399
}