{
    "tof_type": "activity",
    "rate": 2.228785217082063e-13,
    "tof": 0.0001729907299118451,
    "potential": 1.3187013072,
    "e_id": 55,
    "tspan": [
        4325,
        4375
    ],
    "r_id": null,
    "rate_calc_kwargs": {},
    "description": null,
    "t_id": 399
}