{
    "tof_type": "activity",
    "rate": 2.362377916985732e-10,
    "tof": -0.5246590964230234,
    "potential": null,
    "current": 9.786148676666665e-05,
    "e_id": 2,
    "tspan": [
        0.0,
        300.0
    ],
    "r_id": null,
    "rate_calc_kwargs": {},
    "description": "full time",
    "t_id": 4
}