{
    "tof_type": "activity",
    "rate": 6.06356306890178e-14,
    "tof": 4.7063314720343685e-05,
    "potential": 1.31081600096,
    "e_id": 55,
    "tspan": [
        4500.0,
        4550.0
    ],
    "r_id": null,
    "rate_calc_kwargs": {},
    "description": null,
    "t_id": 400
}