{
    "tof_type": "activity",
    "rate": 3.453232561911409e-14,
    "tof": 2.6802816927442423e-05,
    "potential": 1.31081600096,
    "e_id": 55,
    "tspan": [
        4500.0,
        4550.0
    ],
    "r_id": null,
    "rate_calc_kwargs": {},
    "description": null,
    "t_id": 400
}