{
    "tof_type": "activity",
    "rate": 6.052485054238252e-11,
    "tof": 0.04697733093743226,
    "potential": 1.3787073984349594,
    "e_id": 55,
    "tspan": [
        2450.0,
        2500.0
    ],
    "r_id": null,
    "rate_calc_kwargs": {},
    "description": null,
    "t_id": 401
}