{
    "tof_type": "activity",
    "rate": 2.1024137495913985e-10,
    "tof": 0.1308685512267915,
    "potential": 1.43586918546,
    "e_id": 56,
    "tspan": [
        1225,
        1275
    ],
    "r_id": null,
    "rate_calc_kwargs": {},
    "description": null,
    "t_id": 403
}