{
    "tof_type": "activity",
    "rate": 9.661420281464045e-11,
    "tof": 0.060139260184826585,
    "potential": 1.40939753496,
    "e_id": 56,
    "tspan": [
        1400,
        1450
    ],
    "r_id": null,
    "rate_calc_kwargs": {},
    "description": null,
    "t_id": 404
}