{
    "tof_type": "activity",
    "rate": 3.4353674612539765e-11,
    "tof": 0.021384066893271807,
    "potential": 1.38966070894,
    "current": 1.3077522923969407e-05,
    "e_id": 56,
    "tspan": [
        1700,
        1750
    ],
    "r_id": null,
    "rate_calc_kwargs": {},
    "description": null,
    "t_id": 406
}