{
    "tof_type": "activity",
    "rate": 3.399834076133437e-11,
    "tof": 0.0211628829026414,
    "potential": 1.38966070894,
    "e_id": 56,
    "tspan": [
        1700,
        1750
    ],
    "r_id": null,
    "rate_calc_kwargs": {},
    "description": null,
    "t_id": 406
}