{
    "tof_type": "activity",
    "rate": 8.582523978549873e-12,
    "tof": 0.0053423474763723815,
    "potential": 1.3688001092,
    "e_id": 56,
    "tspan": [
        1875,
        1925
    ],
    "r_id": null,
    "rate_calc_kwargs": {},
    "description": null,
    "t_id": 407
}