{
    "tof_type": "activity",
    "rate": 7.641945000266013e-12,
    "tof": 0.004756867057847211,
    "potential": 1.3688001092,
    "e_id": 56,
    "tspan": [
        1875,
        1925
    ],
    "r_id": null,
    "rate_calc_kwargs": {},
    "description": null,
    "t_id": 407
}