{
    "tof_type": "activity",
    "rate": 2.1058389353347994e-12,
    "tof": 0.0013108175811625778,
    "potential": 1.3490068544799998,
    "e_id": 56,
    "tspan": [
        2250,
        2300
    ],
    "r_id": null,
    "rate_calc_kwargs": {},
    "description": null,
    "t_id": 408
}