{
    "tof_type": "activity",
    "rate": 1.385175404178553e-12,
    "tof": 0.0008622275152788709,
    "potential": 1.3490068544799998,
    "e_id": 56,
    "tspan": [
        2250,
        2300
    ],
    "r_id": null,
    "rate_calc_kwargs": {},
    "description": null,
    "t_id": 408
}