{
    "tof_type": "activity",
    "rate": 6.22738350947851e-13,
    "tof": 0.0003876347640788846,
    "potential": 1.3389925044400002,
    "e_id": 56,
    "tspan": [
        2425,
        2475
    ],
    "r_id": null,
    "rate_calc_kwargs": {},
    "description": null,
    "t_id": 409
}