{
    "tof_type": "activity",
    "rate": 1.2261579548747277e-12,
    "tof": 0.0007632442242201254,
    "potential": 1.3389925044400002,
    "e_id": 56,
    "tspan": [
        2425,
        2475
    ],
    "r_id": null,
    "rate_calc_kwargs": {},
    "description": null,
    "t_id": 409
}