{
    "tof_type": "activity",
    "rate": 2.7749126097493324e-13,
    "tof": 0.00017272946064466506,
    "potential": 1.32886972126,
    "e_id": 56,
    "tspan": [
        2600,
        2650
    ],
    "r_id": null,
    "rate_calc_kwargs": {},
    "description": null,
    "t_id": 410
}