{
    "tof_type": "activity",
    "rate": 1.4596680724175063e-12,
    "tof": 0.0009085968256553107,
    "potential": 1.319475288244898,
    "e_id": 56,
    "tspan": [
        2775,
        2825
    ],
    "r_id": null,
    "rate_calc_kwargs": {},
    "description": null,
    "t_id": 411
}