{
    "tof_type": "activity",
    "rate": 1.6115015572763536e-13,
    "tof": 0.00010031083279466845,
    "potential": 1.319475288244898,
    "e_id": 56,
    "tspan": [
        2775,
        2825
    ],
    "r_id": null,
    "rate_calc_kwargs": {},
    "description": null,
    "t_id": 411
}