{
    "tof_type": "activity",
    "rate": 1.2660346232738236e-13,
    "tof": 7.880661786149494e-05,
    "potential": 1.31909890474,
    "e_id": 56,
    "tspan": [
        2925,
        2975
    ],
    "r_id": null,
    "rate_calc_kwargs": {},
    "description": null,
    "t_id": 412
}