{
    "tof_type": "activity",
    "rate": 8.303651889969328e-14,
    "tof": 0.00015886833218372543,
    "potential": 1.32920494454,
    "e_id": 57,
    "tspan": [
        100,
        150
    ],
    "r_id": null,
    "rate_calc_kwargs": {},
    "description": null,
    "t_id": 413
}