{
    "tof_type": "activity",
    "rate": 8.34793486505777e-14,
    "tof": 0.00015971556933789042,
    "potential": 1.32920494454,
    "current": 1.2746145171905545e-07,
    "e_id": 57,
    "tspan": [
        100,
        150
    ],
    "r_id": null,
    "rate_calc_kwargs": {},
    "description": null,
    "t_id": 413
}