{
    "tof_type": "activity",
    "rate": 1.6263215747308266e-13,
    "tof": 0.0003111534534389673,
    "potential": 1.3393654583399999,
    "current": 1.7226297903439858e-07,
    "e_id": 57,
    "tspan": [
        325,
        375
    ],
    "r_id": null,
    "rate_calc_kwargs": {},
    "description": null,
    "t_id": 414
}