{
    "tof_type": "activity",
    "rate": 7.009153860977113e-13,
    "tof": 0.0013460886408493194,
    "potential": 1.3593283064800001,
    "current": 4.172657165197362e-07,
    "e_id": 57,
    "tspan": [
        575,
        625
    ],
    "r_id": null,
    "rate_calc_kwargs": {},
    "description": null,
    "t_id": 415
}