{
    "tof_type": "activity",
    "rate": 6.786583800187309e-13,
    "tof": 0.0012984326219928153,
    "potential": 1.3593283064800001,
    "e_id": 57,
    "tspan": [
        575,
        625
    ],
    "r_id": null,
    "rate_calc_kwargs": {},
    "description": null,
    "t_id": 415
}