{
    "tof_type": "activity",
    "rate": 2.846107729625072e-12,
    "tof": 0.005445271480695643,
    "potential": 1.37922137014,
    "e_id": 57,
    "tspan": [
        800,
        850
    ],
    "r_id": null,
    "rate_calc_kwargs": {},
    "description": null,
    "t_id": 416
}