{
    "tof_type": "activity",
    "rate": 2.8586762696147953e-12,
    "tof": 0.005469318044937622,
    "potential": 1.37922137014,
    "e_id": 57,
    "tspan": [
        800,
        850
    ],
    "r_id": null,
    "rate_calc_kwargs": {},
    "description": null,
    "t_id": 416
}