{
    "tof_type": "activity",
    "rate": 9.223651003155396e-12,
    "tof": 0.017647007255761255,
    "potential": 1.39917891574,
    "current": 3.781767966339776e-06,
    "e_id": 57,
    "tspan": [
        1075,
        1125
    ],
    "r_id": null,
    "rate_calc_kwargs": {},
    "description": null,
    "t_id": 417
}