{
    "tof_type": "activity",
    "rate": 9.222378364477458e-12,
    "tof": 0.01764457239954479,
    "potential": 1.39917891574,
    "e_id": 57,
    "tspan": [
        1075,
        1125
    ],
    "r_id": null,
    "rate_calc_kwargs": {},
    "description": null,
    "t_id": 417
}