{
    "tof_type": "activity",
    "rate": 3.6258418420925883e-11,
    "tof": 0.06963329117841063,
    "potential": 1.42888442136,
    "current": 1.4315549296324544e-05,
    "e_id": 57,
    "tspan": [
        1325,
        1375
    ],
    "r_id": null,
    "rate_calc_kwargs": {},
    "description": null,
    "t_id": 418
}