{
    "tof_type": "activity",
    "rate": 3.6065993368456493e-11,
    "tof": 0.06900270255690054,
    "potential": 1.42888442136,
    "e_id": 57,
    "tspan": [
        1325,
        1375
    ],
    "r_id": null,
    "rate_calc_kwargs": {},
    "description": null,
    "t_id": 418
}