{
    "tof_type": "activity",
    "rate": 1.9471916475970543e-10,
    "tof": 0.3725434225747235,
    "potential": 1.49930143292,
    "e_id": 57,
    "tspan": [
        1625,
        1675
    ],
    "r_id": null,
    "rate_calc_kwargs": {},
    "description": null,
    "t_id": 419
}