{
    "tof_type": "activity",
    "rate": 1.9451076521274052e-10,
    "tof": 0.37214470537302874,
    "potential": 1.49930143292,
    "current": 7.517171334962673e-05,
    "e_id": 57,
    "tspan": [
        1625,
        1675
    ],
    "r_id": null,
    "rate_calc_kwargs": {},
    "description": null,
    "t_id": 419
}