{
    "tof_type": "activity",
    "rate": 1.6530809381941705e-13,
    "tof": 0.00027328788192688015,
    "potential": 1.32919936622,
    "current": 2.610478314263292e-07,
    "e_id": 58,
    "tspan": [
        1675,
        1725
    ],
    "r_id": null,
    "rate_calc_kwargs": {},
    "description": null,
    "t_id": 420
}