{
    "tof_type": "activity",
    "rate": 1.6479646631224653e-13,
    "tof": 0.0002724420576569391,
    "potential": 1.32919936622,
    "e_id": 58,
    "tspan": [
        1675,
        1725
    ],
    "r_id": null,
    "rate_calc_kwargs": {},
    "description": null,
    "t_id": 420
}