{
    "tof_type": "activity",
    "rate": 2.4030118634076814e-13,
    "tof": 0.0003972667080132487,
    "potential": 1.33889761392,
    "e_id": 58,
    "tspan": [
        1900,
        1950
    ],
    "r_id": null,
    "rate_calc_kwargs": {},
    "description": null,
    "t_id": 421
}