{
    "tof_type": "activity",
    "rate": 3.4018489024155344e-13,
    "tof": 0.0005623947743248509,
    "potential": 1.33889761392,
    "e_id": 58,
    "tspan": [
        1900,
        1950
    ],
    "r_id": null,
    "rate_calc_kwargs": {},
    "description": null,
    "t_id": 421
}