{
    "tof_type": "activity",
    "rate": 1.5982526342620107e-12,
    "tof": 0.002642236487698324,
    "potential": 1.35888392472,
    "e_id": 58,
    "tspan": [
        2150,
        2200
    ],
    "r_id": null,
    "rate_calc_kwargs": {},
    "description": null,
    "t_id": 422
}