{
    "tof_type": "activity",
    "rate": 1.7449628531755501e-12,
    "tof": 0.00291978707608065,
    "potential": 1.35888392472,
    "current": 9.805615547455504e-07,
    "e_id": 58,
    "tspan": [
        2150,
        2200
    ],
    "r_id": null,
    "rate_calc_kwargs": {},
    "description": null,
    "t_id": 422
}