{
    "tof_type": "activity",
    "rate": 2.665473377898953e-11,
    "tof": 0.04406569315197856,
    "potential": 1.39899775618,
    "e_id": 58,
    "tspan": [
        2650,
        2700
    ],
    "r_id": null,
    "rate_calc_kwargs": {},
    "description": null,
    "t_id": 424
}