{
    "tof_type": "activity",
    "rate": 2.673748612983058e-11,
    "tof": 0.04420249960932314,
    "potential": 1.39899775618,
    "current": 1.0573689161016142e-05,
    "e_id": 58,
    "tspan": [
        2650,
        2700
    ],
    "r_id": null,
    "rate_calc_kwargs": {},
    "description": null,
    "t_id": 424
}