{
    "tof_type": "activity",
    "rate": 9.603025568872397e-11,
    "tof": 0.15875753311109503,
    "potential": 1.4292067747000001,
    "e_id": 58,
    "tspan": [
        2900,
        2950
    ],
    "r_id": null,
    "rate_calc_kwargs": {},
    "description": null,
    "t_id": 425
}