{
    "tof_type": "activity",
    "rate": 9.632839145237483e-11,
    "tof": 0.1592504121316698,
    "potential": 1.4292067747000001,
    "current": 3.72665439304211e-05,
    "e_id": 58,
    "tspan": [
        2900,
        2950
    ],
    "r_id": null,
    "rate_calc_kwargs": {},
    "description": null,
    "t_id": 425
}