{
    "tof_type": "activity",
    "rate": 5.097115563514325e-10,
    "tof": 0.8426568137740796,
    "potential": 1.5293955253,
    "current": 0.00019676302767212162,
    "e_id": 58,
    "tspan": [
        3500,
        3550
    ],
    "r_id": null,
    "rate_calc_kwargs": {},
    "description": null,
    "t_id": 427
}