{
    "tof_type": "activity",
    "rate": 1.146595914390734e-13,
    "tof": 0.00043525512372276284,
    "potential": 1.3293361532399999,
    "e_id": 59,
    "tspan": [
        1150,
        1200
    ],
    "r_id": null,
    "rate_calc_kwargs": {},
    "description": null,
    "t_id": 428
}