{
    "tof_type": "activity",
    "rate": 1.801360273128275e-13,
    "tof": 0.0006838078513181674,
    "potential": 1.33918900008,
    "e_id": 59,
    "tspan": [
        1375,
        1425
    ],
    "r_id": null,
    "rate_calc_kwargs": {},
    "description": null,
    "t_id": 429
}