{
    "tof_type": "activity",
    "rate": 3.152727960985909e-10,
    "tof": -0.17358866566530445,
    "potential": null,
    "e_id": 15,
    "tspan": [
        260.0,
        1700.0
    ],
    "r_id": null,
    "rate_calc_kwargs": {},
    "description": "steady",
    "t_id": 43
}