{
    "tof_type": "activity",
    "rate": 6.976948948669962e-13,
    "tof": 0.0026484943298218377,
    "potential": 1.35927542606,
    "e_id": 59,
    "tspan": [
        1625,
        1675
    ],
    "r_id": null,
    "rate_calc_kwargs": {},
    "description": null,
    "t_id": 430
}