{
    "tof_type": "activity",
    "rate": 2.9375956200106927e-12,
    "tof": 0.011151300375203335,
    "potential": 1.3792964945,
    "e_id": 59,
    "tspan": [
        1875,
        1925
    ],
    "r_id": null,
    "rate_calc_kwargs": {},
    "description": null,
    "t_id": 431
}