{
    "tof_type": "activity",
    "rate": 2.944939490246592e-12,
    "tof": 0.011179178175115335,
    "potential": 1.3792964945,
    "current": 1.4369392463117948e-06,
    "e_id": 59,
    "tspan": [
        1875,
        1925
    ],
    "r_id": null,
    "rate_calc_kwargs": {},
    "description": null,
    "t_id": 431
}