{
    "tof_type": "activity",
    "rate": 1.0977585140671859e-11,
    "tof": 0.04167161350055222,
    "potential": 1.3992174875,
    "e_id": 59,
    "tspan": [
        2125,
        2175
    ],
    "r_id": null,
    "rate_calc_kwargs": {},
    "description": null,
    "t_id": 432
}