{
    "tof_type": "activity",
    "rate": 4.9069464998368896e-11,
    "tof": 0.1862708194824127,
    "potential": 1.42932131762,
    "current": 1.9358077733366436e-05,
    "e_id": 59,
    "tspan": [
        2400,
        2450
    ],
    "r_id": null,
    "rate_calc_kwargs": {},
    "description": null,
    "t_id": 433
}