{
    "tof_type": "activity",
    "rate": 2.8196139428682926e-10,
    "tof": 1.0703434402220853,
    "potential": 1.4992319552200002,
    "e_id": 59,
    "tspan": [
        2675,
        2725
    ],
    "r_id": null,
    "rate_calc_kwargs": {},
    "description": null,
    "t_id": 434
}