{
    "tof_type": "activity",
    "rate": 2.8266628636832296e-10,
    "tof": 1.073019255531481,
    "potential": 1.4992319552200002,
    "current": 0.00010880299082714374,
    "e_id": 59,
    "tspan": [
        2675,
        2725
    ],
    "r_id": null,
    "rate_calc_kwargs": {},
    "description": null,
    "t_id": 434
}