{
    "tof_type": "activity",
    "rate": 4.043108039313057e-10,
    "tof": 1.5347896044185687,
    "potential": 1.5292866039000002,
    "e_id": 59,
    "tspan": [
        2975,
        3025
    ],
    "r_id": null,
    "rate_calc_kwargs": {},
    "description": null,
    "t_id": 435
}