{
    "tof_type": "activity",
    "rate": 6.051546659123339e-10,
    "tof": 0.33409756117441836,
    "potential": 1.52909946154,
    "e_id": 60,
    "tspan": [
        3925,
        3975
    ],
    "r_id": null,
    "rate_calc_kwargs": {},
    "description": null,
    "t_id": 436
}