{
    "tof_type": "activity",
    "rate": 4.701023279121531e-10,
    "tof": 0.2595370243425003,
    "potential": 1.49880425346,
    "e_id": 60,
    "tspan": [
        3625,
        3675
    ],
    "r_id": null,
    "rate_calc_kwargs": {},
    "description": null,
    "t_id": 437
}