{
    "tof_type": "activity",
    "rate": 4.676832758007859e-10,
    "tof": 0.2582014989697542,
    "potential": 1.49880425346,
    "e_id": 60,
    "tspan": [
        3625,
        3675
    ],
    "r_id": null,
    "rate_calc_kwargs": {},
    "description": null,
    "t_id": 437
}