{
    "tof_type": "activity",
    "rate": 1.51423297055978e-10,
    "tof": 0.08359871798248764,
    "potential": 1.4290213539399996,
    "e_id": 60,
    "tspan": [
        3325,
        3375
    ],
    "r_id": null,
    "rate_calc_kwargs": {},
    "description": null,
    "t_id": 438
}