{
    "tof_type": "activity",
    "rate": 4.734665098982538e-11,
    "tof": 0.026139434290949615,
    "potential": 1.39966006984,
    "e_id": 60,
    "tspan": [
        3075,
        3125
    ],
    "r_id": null,
    "rate_calc_kwargs": {},
    "description": null,
    "t_id": 439
}