{
    "tof_type": "activity",
    "rate": 2.3166915936519256e-12,
    "tof": 0.0012790135398947928,
    "potential": 1.3590207509400003,
    "e_id": 60,
    "tspan": [
        2550,
        2600
    ],
    "r_id": null,
    "rate_calc_kwargs": {},
    "description": null,
    "t_id": 441
}