{
    "tof_type": "activity",
    "rate": 4.0347498060257193e-13,
    "tof": 0.000222752983009707,
    "potential": 1.3396241019,
    "e_id": 60,
    "tspan": [
        2325,
        2375
    ],
    "r_id": null,
    "rate_calc_kwargs": {},
    "description": null,
    "t_id": 442
}