{
    "tof_type": "activity",
    "rate": 2.6433031711031096e-13,
    "tof": 0.0001459331296039431,
    "potential": 1.3289385074395161,
    "e_id": 60,
    "tspan": [
        2100,
        2150
    ],
    "r_id": null,
    "rate_calc_kwargs": {},
    "description": null,
    "t_id": 443
}