{
    "tof_type": "activity",
    "rate": 1.297874326819951e-10,
    "tof": 1.3005560564198382,
    "potential": 1.5291600109199999,
    "e_id": 61,
    "tspan": [
        2700,
        2750
    ],
    "r_id": null,
    "rate_calc_kwargs": {},
    "description": null,
    "t_id": 444
}