{
    "tof_type": "activity",
    "rate": 1.3096334721050155e-10,
    "tof": 1.3123394990096022,
    "potential": 1.5291600109199999,
    "e_id": 61,
    "tspan": [
        2700,
        2750
    ],
    "r_id": null,
    "rate_calc_kwargs": {},
    "description": null,
    "t_id": 444
}