{
    "tof_type": "activity",
    "rate": 7.770820497493554e-11,
    "tof": 0.7786876936019924,
    "potential": 1.4994524060799999,
    "e_id": 61,
    "tspan": [
        2400,
        2450
    ],
    "r_id": null,
    "rate_calc_kwargs": {},
    "description": null,
    "t_id": 445
}