{
    "tof_type": "activity",
    "rate": 7.869131763167238e-11,
    "tof": 0.78853913371018,
    "potential": 1.4994524060799999,
    "e_id": 61,
    "tspan": [
        2400,
        2450
    ],
    "r_id": null,
    "rate_calc_kwargs": {},
    "description": null,
    "t_id": 445
}