{
    "tof_type": "activity",
    "rate": 9.739286491792567e-12,
    "tof": 0.09759410268283945,
    "potential": 1.42931765492,
    "e_id": 61,
    "tspan": [
        2100,
        2150
    ],
    "r_id": null,
    "rate_calc_kwargs": {},
    "description": null,
    "t_id": 446
}