{
    "tof_type": "activity",
    "rate": 1.0432446703497426e-11,
    "tof": 0.10454002720552301,
    "potential": 1.42931765492,
    "e_id": 61,
    "tspan": [
        2100,
        2150
    ],
    "r_id": null,
    "rate_calc_kwargs": {},
    "description": null,
    "t_id": 446
}