{
    "tof_type": "activity",
    "rate": 9.003672593395247e-13,
    "tof": 0.009022276409498585,
    "potential": 1.37899012342,
    "e_id": 61,
    "tspan": [
        1575,
        1625
    ],
    "r_id": null,
    "rate_calc_kwargs": {},
    "description": null,
    "t_id": 448
}