{
    "tof_type": "activity",
    "rate": 1.6031555345916627e-12,
    "tof": 0.016064680507278526,
    "potential": 1.3593259407999998,
    "e_id": 61,
    "tspan": [
        1325,
        1375
    ],
    "r_id": null,
    "rate_calc_kwargs": {},
    "description": null,
    "t_id": 449
}