{
    "tof_type": "activity",
    "rate": 3.6931593329489943e-13,
    "tof": 0.003700790314235554,
    "potential": 1.3593259407999998,
    "e_id": 61,
    "tspan": [
        1325,
        1375
    ],
    "r_id": null,
    "rate_calc_kwargs": {},
    "description": null,
    "t_id": 449
}