{
    "tof_type": "activity",
    "rate": 2.3019445380290924e-13,
    "tof": 0.0023067009252056977,
    "potential": 1.3389696556,
    "e_id": 61,
    "tspan": [
        1100,
        1150
    ],
    "r_id": null,
    "rate_calc_kwargs": {},
    "description": null,
    "t_id": 450
}