{
    "tof_type": "activity",
    "rate": 2.7340172410673845e-10,
    "tof": 0.029458956585065664,
    "potential": 1.4492252942,
    "e_id": 62,
    "tspan": [
        2400,
        2450
    ],
    "r_id": null,
    "rate_calc_kwargs": {},
    "description": null,
    "t_id": 452
}