{
    "tof_type": "activity",
    "rate": 1.910226692411719e-10,
    "tof": 0.02058263728337749,
    "potential": 1.4294476821200002,
    "e_id": 62,
    "tspan": [
        2125,
        2175
    ],
    "r_id": null,
    "rate_calc_kwargs": {},
    "description": null,
    "t_id": 453
}