{
    "tof_type": "activity",
    "rate": 8.817954197563044e-11,
    "tof": 0.009501320107758048,
    "potential": 1.3991759773999999,
    "e_id": 62,
    "tspan": [
        1850,
        1900
    ],
    "r_id": null,
    "rate_calc_kwargs": {},
    "description": null,
    "t_id": 454
}