{
    "tof_type": "activity",
    "rate": 3.725287629289573e-11,
    "tof": 0.004013986630723625,
    "potential": 1.3788745180800002,
    "e_id": 62,
    "tspan": [
        1600,
        1650
    ],
    "r_id": null,
    "rate_calc_kwargs": {},
    "description": null,
    "t_id": 455
}