{
    "tof_type": "activity",
    "rate": 9.626843642447055e-12,
    "tof": 0.0010372896141772115,
    "potential": 1.3589233849,
    "e_id": 62,
    "tspan": [
        1350,
        1400
    ],
    "r_id": null,
    "rate_calc_kwargs": {},
    "description": null,
    "t_id": 456
}