{
    "tof_type": "activity",
    "rate": 2.4527086626725694e-13,
    "tof": 0.0008410075963213538,
    "potential": 1.3293415141599998,
    "e_id": 63,
    "tspan": [
        1350,
        1400
    ],
    "r_id": null,
    "rate_calc_kwargs": {},
    "description": null,
    "t_id": 457
}