{
    "tof_type": "activity",
    "rate": 2.6853841170071556e-13,
    "tof": 0.0009207895237679207,
    "potential": 1.33911984546,
    "e_id": 63,
    "tspan": [
        1600,
        1650
    ],
    "r_id": null,
    "rate_calc_kwargs": {},
    "description": null,
    "t_id": 458
}