{
    "tof_type": "activity",
    "rate": 2.377396234104429e-12,
    "tof": 0.00815183769183972,
    "potential": 1.35923752094,
    "e_id": 63,
    "tspan": [
        1825,
        1875
    ],
    "r_id": null,
    "rate_calc_kwargs": {},
    "description": null,
    "t_id": 459
}