{
    "tof_type": "activity",
    "rate": 4.946503657796787e-13,
    "tof": 0.0016961032570845596,
    "potential": 1.35923752094,
    "current": 1.030023309204261e-06,
    "e_id": 63,
    "tspan": [
        1825,
        1875
    ],
    "r_id": null,
    "rate_calc_kwargs": {},
    "description": null,
    "t_id": 459
}