{
    "tof_type": "activity",
    "rate": 4.943089194007417e-13,
    "tof": 0.0016949324739304384,
    "potential": 1.35923752094,
    "e_id": 63,
    "tspan": [
        1825,
        1875
    ],
    "r_id": null,
    "rate_calc_kwargs": {},
    "description": null,
    "t_id": 459
}