{
    "tof_type": "activity",
    "rate": 1.815223051810327e-12,
    "tof": 0.006224205910891402,
    "potential": 1.3793012453000002,
    "e_id": 63,
    "tspan": [
        2075,
        2125
    ],
    "r_id": null,
    "rate_calc_kwargs": {},
    "description": null,
    "t_id": 460
}