{
    "tof_type": "activity",
    "rate": 6.769478812501911e-12,
    "tof": 0.023211819614348508,
    "potential": 1.3991094189199997,
    "e_id": 63,
    "tspan": [
        2325,
        2375
    ],
    "r_id": null,
    "rate_calc_kwargs": {},
    "description": null,
    "t_id": 461
}