{
    "tof_type": "activity",
    "rate": 3.397408550115075e-11,
    "tof": 0.11649350947945544,
    "potential": 1.42913384998,
    "e_id": 63,
    "tspan": [
        2600,
        2650
    ],
    "r_id": null,
    "rate_calc_kwargs": {},
    "description": null,
    "t_id": 462
}