{
    "tof_type": "activity",
    "rate": 2.3520029806329196e-10,
    "tof": 0.806476693863586,
    "potential": 1.49945231126,
    "e_id": 63,
    "tspan": [
        2875,
        2925
    ],
    "r_id": null,
    "rate_calc_kwargs": {},
    "description": null,
    "t_id": 463
}