{
    "tof_type": "activity",
    "rate": 3.4262326792120164e-10,
    "tof": 1.1748185807123075,
    "potential": 1.52930943946,
    "e_id": 63,
    "tspan": [
        3200,
        3250
    ],
    "r_id": null,
    "rate_calc_kwargs": {},
    "description": null,
    "t_id": 464
}