{
    "tof_type": "activity",
    "rate": 2.842922627766061e-12,
    "tof": 0.009748077960061836,
    "potential": 1.37905855232,
    "e_id": 63,
    "tspan": [
        3600,
        3650
    ],
    "r_id": null,
    "rate_calc_kwargs": {},
    "description": null,
    "t_id": 465
}