{
    "tof_type": "activity",
    "rate": 1.0989606147272104e-12,
    "tof": 0.003768218537771567,
    "potential": 1.3692601894,
    "e_id": 63,
    "tspan": [
        3850,
        3900
    ],
    "r_id": null,
    "rate_calc_kwargs": {},
    "description": null,
    "t_id": 466
}