{
    "tof_type": "activity",
    "rate": 9.005619365983053e-13,
    "tof": 0.0030879306668724904,
    "potential": 1.3592831904999998,
    "e_id": 63,
    "tspan": [
        4100,
        4150
    ],
    "r_id": null,
    "rate_calc_kwargs": {},
    "description": null,
    "t_id": 467
}