{
    "tof_type": "activity",
    "rate": 5.34945846994426e-13,
    "tof": 0.0018342721571042641,
    "potential": 1.3592831904999998,
    "e_id": 63,
    "tspan": [
        4100,
        4150
    ],
    "r_id": null,
    "rate_calc_kwargs": {},
    "description": null,
    "t_id": 467
}