{
    "tof_type": "activity",
    "rate": 5.64346755727517e-13,
    "tof": 0.0019350847320324966,
    "potential": 1.349696579,
    "e_id": 63,
    "tspan": [
        4325,
        4375
    ],
    "r_id": null,
    "rate_calc_kwargs": {},
    "description": null,
    "t_id": 468
}