{
    "tof_type": "activity",
    "rate": 3.0212695564034083e-13,
    "tof": 0.001035961052423175,
    "potential": 1.349696579,
    "e_id": 63,
    "tspan": [
        4325,
        4375
    ],
    "r_id": null,
    "rate_calc_kwargs": {},
    "description": null,
    "t_id": 468
}