{
    "tof_type": "activity",
    "rate": 3.147253325353454e-13,
    "tof": 0.0010791595408179329,
    "potential": 1.33905513806,
    "e_id": 63,
    "tspan": [
        4575,
        4625
    ],
    "r_id": null,
    "rate_calc_kwargs": {},
    "description": null,
    "t_id": 469
}