{
    "tof_type": "activity",
    "rate": 1.4863613344715768e-13,
    "tof": 0.000509657421687762,
    "potential": 1.33905513806,
    "e_id": 63,
    "tspan": [
        4575,
        4625
    ],
    "r_id": null,
    "rate_calc_kwargs": {},
    "description": null,
    "t_id": 469
}