{
    "tof_type": "activity",
    "rate": 1.802309243997675e-13,
    "tof": 0.0006179925843579861,
    "potential": 1.3287327744200002,
    "e_id": 63,
    "tspan": [
        4800,
        4850
    ],
    "r_id": null,
    "rate_calc_kwargs": {},
    "description": null,
    "t_id": 470
}