{
    "tof_type": "activity",
    "rate": 6.896865343973996e-14,
    "tof": 0.00023648614421116615,
    "potential": 1.3287327744200002,
    "e_id": 63,
    "tspan": [
        4800,
        4850
    ],
    "r_id": null,
    "rate_calc_kwargs": {},
    "description": null,
    "t_id": 470
}