{
    "tof_type": "activity",
    "rate": 7.820011734610636e-14,
    "tof": 0.00026813984768021517,
    "potential": 1.31924448468,
    "e_id": 63,
    "tspan": [
        5025,
        5075
    ],
    "r_id": null,
    "rate_calc_kwargs": {},
    "description": null,
    "t_id": 471
}