{
    "tof_type": "activity",
    "rate": 1.8953011774453268e-14,
    "tof": 6.498785248352654e-05,
    "potential": 1.31924448468,
    "e_id": 63,
    "tspan": [
        5025,
        5075
    ],
    "r_id": null,
    "rate_calc_kwargs": {},
    "description": null,
    "t_id": 471
}