{
    "tof_type": "activity",
    "rate": 2.3721845702550982e-14,
    "tof": 8.133967453301137e-05,
    "potential": 1.30916836256,
    "e_id": 63,
    "tspan": [
        5250,
        5300
    ],
    "r_id": null,
    "rate_calc_kwargs": {},
    "description": null,
    "t_id": 472
}