{
    "tof_type": "activity",
    "rate": 1.557309839463823e-14,
    "tof": 5.339849060540078e-05,
    "potential": 1.30916836256,
    "e_id": 63,
    "tspan": [
        5250,
        5300
    ],
    "r_id": null,
    "rate_calc_kwargs": {},
    "description": null,
    "t_id": 472
}