{
    "tof_type": "activity",
    "rate": 4.564072199843208e-13,
    "tof": 0.0007879800704563135,
    "potential": 1.35934557146,
    "e_id": 64,
    "tspan": [
        1450,
        1500
    ],
    "r_id": null,
    "rate_calc_kwargs": {},
    "description": null,
    "t_id": 473
}