{
    "tof_type": "activity",
    "rate": 6.078389265230305e-13,
    "tof": 0.001049424590969796,
    "potential": 1.35934557146,
    "e_id": 64,
    "tspan": [
        1450,
        1500
    ],
    "r_id": null,
    "rate_calc_kwargs": {},
    "description": null,
    "t_id": 473
}