{
    "tof_type": "activity",
    "rate": 2.720087840885454e-13,
    "tof": 0.0004696189969523082,
    "potential": 1.3692226071599998,
    "e_id": 64,
    "tspan": [
        1700,
        1750
    ],
    "r_id": null,
    "rate_calc_kwargs": {},
    "description": null,
    "t_id": 474
}