{
    "tof_type": "activity",
    "rate": 2.833646744895934e-13,
    "tof": 0.0004892247676905961,
    "potential": 1.3692226071599998,
    "current": 1.4489513471270251e-06,
    "e_id": 64,
    "tspan": [
        1700,
        1750
    ],
    "r_id": null,
    "rate_calc_kwargs": {},
    "description": null,
    "t_id": 474
}