{
    "tof_type": "activity",
    "rate": 4.069053591032776e-13,
    "tof": 0.0007025158663052419,
    "potential": 1.3692226071599998,
    "e_id": 64,
    "tspan": [
        1700,
        1750
    ],
    "r_id": null,
    "rate_calc_kwargs": {},
    "description": null,
    "t_id": 474
}