{
    "tof_type": "activity",
    "rate": 2.215491336575586e-13,
    "tof": 0.0003780316874068489,
    "potential": 1.3792996438599998,
    "current": 1.4954193929957033e-06,
    "e_id": 64,
    "tspan": [
        1950,
        2000
    ],
    "r_id": null,
    "rate_calc_kwargs": {},
    "description": null,
    "t_id": 475
}