{
    "tof_type": "activity",
    "rate": 2.130451687776404e-13,
    "tof": 0.0003678192187878829,
    "potential": 1.3792996438599998,
    "e_id": 64,
    "tspan": [
        1950,
        2000
    ],
    "r_id": null,
    "rate_calc_kwargs": {},
    "description": null,
    "t_id": 475
}