{
    "tof_type": "activity",
    "rate": 3.2543166000222596e-13,
    "tof": 0.0005618527734641851,
    "potential": 1.39908694758,
    "e_id": 64,
    "tspan": [
        2200,
        2250
    ],
    "r_id": null,
    "rate_calc_kwargs": {},
    "description": null,
    "t_id": 476
}