{
    "tof_type": "activity",
    "rate": 3.3842167251154905e-13,
    "tof": 0.0005774525668528795,
    "potential": 1.39908694758,
    "current": 1.6795811431815885e-06,
    "e_id": 64,
    "tspan": [
        2200,
        2250
    ],
    "r_id": null,
    "rate_calc_kwargs": {},
    "description": null,
    "t_id": 476
}