{
    "tof_type": "activity",
    "rate": 7.176402510998265e-12,
    "tof": 0.012389948950486679,
    "potential": 1.4490336686999998,
    "e_id": 64,
    "tspan": [
        2750,
        2800
    ],
    "r_id": null,
    "rate_calc_kwargs": {},
    "description": null,
    "t_id": 478
}