{
    "tof_type": "activity",
    "rate": 7.125698496386161e-12,
    "tof": 0.012302409246343005,
    "potential": 1.4490336686999998,
    "e_id": 64,
    "tspan": [
        2750,
        2800
    ],
    "r_id": null,
    "rate_calc_kwargs": {},
    "description": null,
    "t_id": 478
}