{
    "tof_type": "activity",
    "rate": 8.52487922122683e-11,
    "tof": 0.14718073324091255,
    "potential": 1.49871919082,
    "e_id": 64,
    "tspan": [
        3025,
        3075
    ],
    "r_id": null,
    "rate_calc_kwargs": {},
    "description": null,
    "t_id": 479
}