{
    "tof_type": "activity",
    "rate": 1.9085130759593051e-10,
    "tof": 0.3295018575983246,
    "potential": 1.52953740701,
    "e_id": 64,
    "tspan": [
        3300,
        3400
    ],
    "r_id": null,
    "rate_calc_kwargs": {},
    "description": null,
    "t_id": 480
}