{
    "tof_type": "activity",
    "rate": 1.917260564391109e-10,
    "tof": 0.33101209806977144,
    "potential": 1.52953740701,
    "e_id": 64,
    "tspan": [
        3300,
        3400
    ],
    "r_id": null,
    "rate_calc_kwargs": {},
    "description": null,
    "t_id": 480
}