{
    "tof_type": "activity",
    "rate": 2.4774572619641395e-12,
    "tof": 0.004277291993544871,
    "potential": 1.41940221824,
    "current": 2.1046956824574653e-06,
    "e_id": 64,
    "tspan": [
        3750,
        3800
    ],
    "r_id": null,
    "rate_calc_kwargs": {},
    "description": null,
    "t_id": 481
}