{
    "tof_type": "activity",
    "rate": 2.492748703415118e-12,
    "tof": 0.004303692432855044,
    "potential": 1.41940221824,
    "e_id": 64,
    "tspan": [
        3750,
        3800
    ],
    "r_id": null,
    "rate_calc_kwargs": {},
    "description": null,
    "t_id": 481
}