{
    "tof_type": "activity",
    "rate": 1.1308951811339518e-12,
    "tof": 0.001952473198253196,
    "potential": 1.40935822236,
    "e_id": 64,
    "tspan": [
        4025,
        4075
    ],
    "r_id": null,
    "rate_calc_kwargs": {},
    "description": null,
    "t_id": 482
}