{
    "tof_type": "activity",
    "rate": 6.518608940179413e-13,
    "tof": 0.0011254278431739506,
    "potential": 1.3994136179399999,
    "e_id": 64,
    "tspan": [
        4275,
        4325
    ],
    "r_id": null,
    "rate_calc_kwargs": {},
    "description": null,
    "t_id": 483
}