{
    "tof_type": "activity",
    "rate": 6.79074944821489e-13,
    "tof": 0.0011724124848067404,
    "potential": 1.3994136179399999,
    "current": 1.6733651425096243e-06,
    "e_id": 64,
    "tspan": [
        4275,
        4325
    ],
    "r_id": null,
    "rate_calc_kwargs": {},
    "description": null,
    "t_id": 483
}