{
    "tof_type": "activity",
    "rate": 3.7729070222696655e-13,
    "tof": 0.0006513866150792495,
    "potential": 1.3892908335,
    "e_id": 64,
    "tspan": [
        4525,
        4575
    ],
    "r_id": null,
    "rate_calc_kwargs": {},
    "description": null,
    "t_id": 484
}