{
    "tof_type": "activity",
    "rate": 2.098695268753488e-13,
    "tof": 0.0003623365217131133,
    "potential": 1.37921108918,
    "current": 1.47819383493944e-06,
    "e_id": 64,
    "tspan": [
        4800,
        4850
    ],
    "r_id": null,
    "rate_calc_kwargs": {},
    "description": null,
    "t_id": 485
}