{
    "tof_type": "activity",
    "rate": 2.304401746657192e-13,
    "tof": 0.000397851429859713,
    "potential": 1.37921108918,
    "e_id": 64,
    "tspan": [
        4800,
        4850
    ],
    "r_id": null,
    "rate_calc_kwargs": {},
    "description": null,
    "t_id": 485
}