{
    "tof_type": "activity",
    "rate": 1.2278498988367632e-13,
    "tof": 0.0002095093587037163,
    "potential": 1.36909395276,
    "current": 1.4272810793492748e-06,
    "e_id": 64,
    "tspan": [
        5050,
        5100
    ],
    "r_id": null,
    "rate_calc_kwargs": {},
    "description": null,
    "t_id": 486
}