{
    "tof_type": "activity",
    "rate": 1.1807199812192195e-13,
    "tof": 0.00020384949519910306,
    "potential": 1.36909395276,
    "e_id": 64,
    "tspan": [
        5050,
        5100
    ],
    "r_id": null,
    "rate_calc_kwargs": {},
    "description": null,
    "t_id": 486
}