{
    "tof_type": "activity",
    "rate": 3.601164302011447e-14,
    "tof": 6.217354976376632e-05,
    "potential": 1.3593533915999998,
    "current": 1.3870622667896017e-06,
    "e_id": 64,
    "tspan": [
        5300,
        5350
    ],
    "r_id": null,
    "rate_calc_kwargs": {},
    "description": null,
    "t_id": 487
}