{
    "tof_type": "activity",
    "rate": 3.456846993569705e-14,
    "tof": 5.9681933551430855e-05,
    "potential": 1.3593533915999998,
    "e_id": 64,
    "tspan": [
        5300,
        5350
    ],
    "r_id": null,
    "rate_calc_kwargs": {},
    "description": null,
    "t_id": 487
}