{
    "tof_type": "activity",
    "rate": 2.088848527759971e-15,
    "tof": 3.60636496971589e-06,
    "potential": 1.3488406821999999,
    "current": 1.3713607703577068e-06,
    "e_id": 64,
    "tspan": [
        5525,
        5575
    ],
    "r_id": null,
    "rate_calc_kwargs": {},
    "description": null,
    "t_id": 488
}