{
    "tof_type": "activity",
    "rate": 2.005137546536359e-15,
    "tof": 3.461839243578572e-06,
    "potential": 1.3488406821999999,
    "e_id": 64,
    "tspan": [
        5525,
        5575
    ],
    "r_id": null,
    "rate_calc_kwargs": {},
    "description": null,
    "t_id": 488
}