{
    "tof_type": "activity",
    "rate": 7.526252793787457e-13,
    "tof": 0.0002972202717956554,
    "potential": 1.3593196641,
    "e_id": 65,
    "tspan": [
        1750,
        1800
    ],
    "r_id": null,
    "rate_calc_kwargs": {},
    "description": null,
    "t_id": 489
}