{
    "tof_type": "activity",
    "rate": 8.181313754127404e-13,
    "tof": 0.00032308937319438526,
    "potential": 1.3593196641,
    "e_id": 65,
    "tspan": [
        1750,
        1800
    ],
    "r_id": null,
    "rate_calc_kwargs": {},
    "description": null,
    "t_id": 489
}