{
    "tof_type": "activity",
    "rate": 7.736020755137131e-13,
    "tof": 0.00029249525527815407,
    "potential": 1.3593196641,
    "current": 2.368625836701399e-06,
    "e_id": 65,
    "tspan": [
        1750,
        1800
    ],
    "r_id": null,
    "rate_calc_kwargs": {},
    "description": null,
    "t_id": 489
}