{
    "tof_type": "activity",
    "rate": 3.3492542409662845e-13,
    "tof": 0.0001322658543484558,
    "potential": 1.3685397352199997,
    "e_id": 65,
    "tspan": [
        2000,
        2050
    ],
    "r_id": null,
    "rate_calc_kwargs": {},
    "description": null,
    "t_id": 490
}