{
    "tof_type": "activity",
    "rate": 3.4427250787593254e-13,
    "tof": 0.00013595712390516635,
    "potential": 1.3685397352199997,
    "current": 2.40894263609083e-06,
    "e_id": 65,
    "tspan": [
        2000,
        2050
    ],
    "r_id": null,
    "rate_calc_kwargs": {},
    "description": null,
    "t_id": 490
}