{
    "tof_type": "activity",
    "rate": 2.697942902091e-13,
    "tof": 0.00010654482976050986,
    "potential": 1.3790797276200002,
    "e_id": 65,
    "tspan": [
        2250,
        2300
    ],
    "r_id": null,
    "rate_calc_kwargs": {},
    "description": null,
    "t_id": 491
}