{
    "tof_type": "activity",
    "rate": 2.608743417043101e-13,
    "tof": 0.00010302224077547691,
    "potential": 1.3790797276200002,
    "e_id": 65,
    "tspan": [
        2250,
        2300
    ],
    "r_id": null,
    "rate_calc_kwargs": {},
    "description": null,
    "t_id": 491
}