{
    "tof_type": "activity",
    "rate": 9.013106130344272e-13,
    "tof": 0.00035593779895292527,
    "potential": 1.39917214356,
    "e_id": 65,
    "tspan": [
        2500,
        2550
    ],
    "r_id": null,
    "rate_calc_kwargs": {},
    "description": null,
    "t_id": 492
}