{
    "tof_type": "activity",
    "rate": 8.791447215401371e-13,
    "tof": 0.0003471842366224597,
    "potential": 1.39917214356,
    "e_id": 65,
    "tspan": [
        2500,
        2550
    ],
    "r_id": null,
    "rate_calc_kwargs": {},
    "description": null,
    "t_id": 492
}