{
    "tof_type": "activity",
    "rate": 9.036798531699109e-13,
    "tof": 0.0003568734387943068,
    "potential": 1.39917214356,
    "current": 3.0112498070702754e-06,
    "e_id": 65,
    "tspan": [
        2500,
        2550
    ],
    "r_id": null,
    "rate_calc_kwargs": {},
    "description": null,
    "t_id": 492
}