{
    "tof_type": "activity",
    "rate": 9.571653094355412e-12,
    "tof": 0.0037799545300768456,
    "potential": 1.42894781378,
    "e_id": 65,
    "tspan": [
        2775,
        2825
    ],
    "r_id": null,
    "rate_calc_kwargs": {},
    "description": null,
    "t_id": 493
}