{
    "tof_type": "activity",
    "rate": 2.144992451637272e-10,
    "tof": 0.08470818838313701,
    "potential": 1.4994018717600002,
    "e_id": 65,
    "tspan": [
        3325,
        3375
    ],
    "r_id": null,
    "rate_calc_kwargs": {},
    "description": null,
    "t_id": 495
}