{
    "tof_type": "activity",
    "rate": 2.204854805191071e-10,
    "tof": 0.08707222072181615,
    "potential": 1.4994018717600002,
    "current": 8.389915704628798e-05,
    "e_id": 65,
    "tspan": [
        3325,
        3375
    ],
    "r_id": null,
    "rate_calc_kwargs": {},
    "description": null,
    "t_id": 495
}