{
    "tof_type": "activity",
    "rate": 3.326567694312471e-10,
    "tof": 0.13136993685175452,
    "potential": 1.5296921955399998,
    "e_id": 65,
    "tspan": [
        3600,
        3700
    ],
    "r_id": null,
    "rate_calc_kwargs": {},
    "description": null,
    "t_id": 496
}