{
    "tof_type": "activity",
    "rate": 3.118135659185866e-12,
    "tof": 0.0009873248404010026,
    "potential": 1.3591821595400002,
    "e_id": 66,
    "tspan": [
        675,
        725
    ],
    "r_id": null,
    "rate_calc_kwargs": {},
    "description": null,
    "t_id": 497
}