{
    "tof_type": "activity",
    "rate": 5.816410209201788e-12,
    "tof": 0.0018417050793121399,
    "potential": 1.3591821595400002,
    "e_id": 66,
    "tspan": [
        675,
        725
    ],
    "r_id": null,
    "rate_calc_kwargs": {},
    "description": null,
    "t_id": 497
}