{
    "tof_type": "activity",
    "rate": 8.039433917154445e-12,
    "tof": 0.0025456021407488667,
    "potential": 1.36910463636,
    "e_id": 66,
    "tspan": [
        925,
        975
    ],
    "r_id": null,
    "rate_calc_kwargs": {},
    "description": null,
    "t_id": 498
}