{
    "tof_type": "activity",
    "rate": 6.468811373539827e-12,
    "tof": 0.0020482810419582497,
    "potential": 1.36910463636,
    "e_id": 66,
    "tspan": [
        925,
        975
    ],
    "r_id": null,
    "rate_calc_kwargs": {},
    "description": null,
    "t_id": 498
}