{
    "tof_type": "activity",
    "rate": 6.589174953633591e-12,
    "tof": 0.00208639290285695,
    "potential": 1.36910463636,
    "current": 8.593477177994845e-06,
    "e_id": 66,
    "tspan": [
        925,
        975
    ],
    "r_id": null,
    "rate_calc_kwargs": {},
    "description": null,
    "t_id": 498
}