{
    "tof_type": "activity",
    "rate": 5.123372352184206e-11,
    "tof": 0.016222619356003,
    "potential": 1.3992832832999997,
    "current": 2.6822607287427917e-05,
    "e_id": 66,
    "tspan": [
        1425,
        1475
    ],
    "r_id": null,
    "rate_calc_kwargs": {},
    "description": null,
    "t_id": 500
}