{
    "tof_type": "activity",
    "rate": 5.029784392720141e-11,
    "tof": 0.015926282931803166,
    "potential": 1.3992832832999997,
    "e_id": 66,
    "tspan": [
        1425,
        1475
    ],
    "r_id": null,
    "rate_calc_kwargs": {},
    "description": null,
    "t_id": 500
}