{
    "tof_type": "activity",
    "rate": 1.528587391989067e-10,
    "tof": 0.048401111041738325,
    "potential": 1.4292483109199998,
    "e_id": 66,
    "tspan": [
        1675,
        1725
    ],
    "r_id": null,
    "rate_calc_kwargs": {},
    "description": null,
    "t_id": 501
}