{
    "tof_type": "activity",
    "rate": 2.3750801085175167e-10,
    "tof": 0.0752044120394017,
    "potential": 1.4493570958400002,
    "e_id": 66,
    "tspan": [
        1950,
        2000
    ],
    "r_id": null,
    "rate_calc_kwargs": {},
    "description": null,
    "t_id": 502
}