{
    "tof_type": "activity",
    "rate": 2.419272639163872e-10,
    "tof": 0.07660372201293639,
    "potential": 1.4493570958400002,
    "current": 9.733642907223711e-05,
    "e_id": 66,
    "tspan": [
        1950,
        2000
    ],
    "r_id": null,
    "rate_calc_kwargs": {},
    "description": null,
    "t_id": 502
}