{
    "tof_type": "activity",
    "rate": 4.658657314906864e-10,
    "tof": 0.147511480982977,
    "potential": 1.49928863318,
    "e_id": 66,
    "tspan": [
        2250,
        2300
    ],
    "r_id": null,
    "rate_calc_kwargs": {},
    "description": null,
    "t_id": 503
}