{
    "tof_type": "activity",
    "rate": 4.652806051154139e-10,
    "tof": 0.1473262068742709,
    "potential": 1.49928863318,
    "e_id": 66,
    "tspan": [
        2250,
        2300
    ],
    "r_id": null,
    "rate_calc_kwargs": {},
    "description": null,
    "t_id": 503
}