{
    "tof_type": "activity",
    "rate": 4.73937966745861e-10,
    "tof": 0.15006746932220003,
    "potential": 1.49928863318,
    "current": 0.00018285962458143234,
    "e_id": 66,
    "tspan": [
        2250,
        2300
    ],
    "r_id": null,
    "rate_calc_kwargs": {},
    "description": null,
    "t_id": 503
}