{
    "tof_type": "activity",
    "rate": 9.101466820697261e-13,
    "tof": 0.0006511717876404822,
    "potential": 1.3291610859799998,
    "current": 1.2916561160926678e-06,
    "e_id": 67,
    "tspan": [
        1375,
        1425
    ],
    "r_id": null,
    "rate_calc_kwargs": {},
    "description": null,
    "t_id": 505
}