{
    "tof_type": "activity",
    "rate": 8.077274773496707e-13,
    "tof": 0.0005778951412051929,
    "potential": 1.3390610141600001,
    "e_id": 67,
    "tspan": [
        1600,
        1650
    ],
    "r_id": null,
    "rate_calc_kwargs": {},
    "description": null,
    "t_id": 506
}