{
    "tof_type": "activity",
    "rate": 8.201181457635766e-13,
    "tof": 0.0005867601449019547,
    "potential": 1.3390610141600001,
    "current": 1.3831073450917352e-06,
    "e_id": 67,
    "tspan": [
        1600,
        1650
    ],
    "r_id": null,
    "rate_calc_kwargs": {},
    "description": null,
    "t_id": 506
}