{
    "tof_type": "activity",
    "rate": 1.918004477638561e-12,
    "tof": 0.0013722517798627422,
    "potential": 1.35891142204,
    "current": 1.9958878601108176e-06,
    "e_id": 67,
    "tspan": [
        1850,
        1900
    ],
    "r_id": null,
    "rate_calc_kwargs": {},
    "description": null,
    "t_id": 507
}