{
    "tof_type": "activity",
    "rate": 1.8890265094987643e-12,
    "tof": 0.0013515192587345327,
    "potential": 1.35891142204,
    "e_id": 67,
    "tspan": [
        1850,
        1900
    ],
    "r_id": null,
    "rate_calc_kwargs": {},
    "description": null,
    "t_id": 507
}