{
    "tof_type": "activity",
    "rate": 8.610854359589531e-12,
    "tof": 0.0061607052323640644,
    "potential": 1.3791101726,
    "e_id": 67,
    "tspan": [
        2100,
        2150
    ],
    "r_id": null,
    "rate_calc_kwargs": {},
    "description": null,
    "t_id": 508
}