{
    "tof_type": "activity",
    "rate": 8.74294623973727e-12,
    "tof": 0.0062552114338622605,
    "potential": 1.3791101726,
    "current": 4.833183544612808e-06,
    "e_id": 67,
    "tspan": [
        2100,
        2150
    ],
    "r_id": null,
    "rate_calc_kwargs": {},
    "description": null,
    "t_id": 508
}