{
    "tof_type": "activity",
    "rate": 3.515984157834776e-11,
    "tof": 0.025155392361222582,
    "potential": 1.39937954682,
    "e_id": 67,
    "tspan": [
        2350,
        2400
    ],
    "r_id": null,
    "rate_calc_kwargs": {},
    "description": null,
    "t_id": 509
}