{
    "tof_type": "activity",
    "rate": 5.846915913269075e-10,
    "tof": 0.41832231687851457,
    "potential": 1.52902145628,
    "e_id": 67,
    "tspan": [
        3220,
        3270
    ],
    "r_id": null,
    "rate_calc_kwargs": {},
    "description": null,
    "t_id": 511
}