{
    "tof_type": "activity",
    "rate": 5.936608536532334e-10,
    "tof": 0.4247394479826662,
    "potential": 1.52902145628,
    "current": 0.0002288918214298014,
    "e_id": 67,
    "tspan": [
        3220,
        3270
    ],
    "r_id": null,
    "rate_calc_kwargs": {},
    "description": null,
    "t_id": 511
}