{
    "tof_type": "activity",
    "rate": 3.884424295542211e-11,
    "tof": 0.02844956488437055,
    "potential": 1.3990275026199999,
    "current": 1.5439288215139264e-05,
    "e_id": 67,
    "tspan": [
        3625.0,
        3675.0
    ],
    "r_id": null,
    "rate_calc_kwargs": {},
    "description": null,
    "t_id": 512
}