{
    "tof_type": "activity",
    "rate": 3.82239145941036e-11,
    "tof": 0.02734760812428333,
    "potential": 1.3990275026199999,
    "e_id": 67,
    "tspan": [
        3625.0,
        3675.0
    ],
    "r_id": null,
    "rate_calc_kwargs": {},
    "description": null,
    "t_id": 512
}