{
    "tof_type": "activity",
    "rate": 9.250542869576262e-12,
    "tof": 0.006618375538466685,
    "potential": 1.3790502712600001,
    "e_id": 67,
    "tspan": [
        4000,
        4050
    ],
    "r_id": null,
    "rate_calc_kwargs": {},
    "description": null,
    "t_id": 513
}