{
    "tof_type": "activity",
    "rate": 4.219526500244666e-12,
    "tof": 0.003018894281867207,
    "potential": 1.3590571694799998,
    "e_id": 67,
    "tspan": [
        4250,
        4300
    ],
    "r_id": null,
    "rate_calc_kwargs": {},
    "description": null,
    "t_id": 514
}