{
    "tof_type": "activity",
    "rate": 1.857397211648711e-12,
    "tof": 0.0013288898223715985,
    "potential": 1.3590571694799998,
    "e_id": 67,
    "tspan": [
        4250,
        4300
    ],
    "r_id": null,
    "rate_calc_kwargs": {},
    "description": null,
    "t_id": 514
}