{
    "tof_type": "activity",
    "rate": 1.885889981311528e-12,
    "tof": 0.001349275204334397,
    "potential": 1.3590571694799998,
    "current": 1.8152300235776665e-06,
    "e_id": 67,
    "tspan": [
        4250,
        4300
    ],
    "r_id": null,
    "rate_calc_kwargs": {},
    "description": null,
    "t_id": 514
}