{
    "tof_type": "activity",
    "rate": 7.933621406148521e-13,
    "tof": 0.0005676173451246786,
    "potential": 1.34916078982,
    "e_id": 67,
    "tspan": [
        4475,
        4525
    ],
    "r_id": null,
    "rate_calc_kwargs": {},
    "description": null,
    "t_id": 515
}