{
    "tof_type": "activity",
    "rate": 8.055324424705727e-13,
    "tof": 0.0005763246857892537,
    "potential": 1.34916078982,
    "current": 1.4347808025806185e-06,
    "e_id": 67,
    "tspan": [
        4475,
        4525
    ],
    "r_id": null,
    "rate_calc_kwargs": {},
    "description": null,
    "t_id": 515
}