{
    "tof_type": "activity",
    "rate": 1.6670945851933797e-12,
    "tof": 0.001192736272726396,
    "potential": 1.33926025114,
    "e_id": 67,
    "tspan": [
        4725,
        4775
    ],
    "r_id": null,
    "rate_calc_kwargs": {},
    "description": null,
    "t_id": 516
}