{
    "tof_type": "activity",
    "rate": 3.8352540825622334e-13,
    "tof": 0.0002743963479950566,
    "potential": 1.33926025114,
    "e_id": 67,
    "tspan": [
        4725,
        4775
    ],
    "r_id": null,
    "rate_calc_kwargs": {},
    "description": null,
    "t_id": 516
}