{
    "tof_type": "activity",
    "rate": 3.8940874922860626e-13,
    "tof": 0.00027860563176629777,
    "potential": 1.33926025114,
    "current": 1.2208423001564546e-06,
    "e_id": 67,
    "tspan": [
        4725,
        4775
    ],
    "r_id": null,
    "rate_calc_kwargs": {},
    "description": null,
    "t_id": 516
}