{
    "tof_type": "activity",
    "rate": 2.1425371860686196e-13,
    "tof": 0.00015328955178585472,
    "potential": 1.3292766142999999,
    "e_id": 67,
    "tspan": [
        4950,
        5000
    ],
    "r_id": null,
    "rate_calc_kwargs": {},
    "description": null,
    "t_id": 517
}