{
    "tof_type": "activity",
    "rate": 2.1754040484466922e-13,
    "tof": 0.0001556410379748934,
    "potential": 1.3292766142999999,
    "current": 1.139559958441623e-06,
    "e_id": 67,
    "tspan": [
        4950,
        5000
    ],
    "r_id": null,
    "rate_calc_kwargs": {},
    "description": null,
    "t_id": 517
}