{
    "tof_type": "activity",
    "rate": 1.0366133554736903e-13,
    "tof": 7.416533895841736e-05,
    "potential": 1.3191161370999998,
    "e_id": 67,
    "tspan": [
        5175,
        5225
    ],
    "r_id": null,
    "rate_calc_kwargs": {},
    "description": null,
    "t_id": 518
}