{
    "tof_type": "activity",
    "rate": 1.053436348904642e-13,
    "tof": 7.715379031613657e-05,
    "potential": 1.3191161370999998,
    "current": 1.0916157665494572e-06,
    "e_id": 67,
    "tspan": [
        5175,
        5225
    ],
    "r_id": null,
    "rate_calc_kwargs": {},
    "description": null,
    "t_id": 518
}