{
    "tof_type": "activity",
    "rate": 3.398133822060768e-14,
    "tof": 2.431222262460959e-05,
    "potential": 1.30895737474,
    "current": 1.0536665371979794e-06,
    "e_id": 67,
    "tspan": [
        5400,
        5450
    ],
    "r_id": null,
    "rate_calc_kwargs": {},
    "description": null,
    "t_id": 519
}