{
    "tof_type": "activity",
    "rate": 3.34679347599876e-14,
    "tof": 2.3944903976067642e-05,
    "potential": 1.30895737474,
    "e_id": 67,
    "tspan": [
        5400,
        5450
    ],
    "r_id": null,
    "rate_calc_kwargs": {},
    "description": null,
    "t_id": 519
}