{
    "tof_type": "activity",
    "rate": 5.637095276952137e-13,
    "tof": 0.0011603877899882477,
    "potential": 1.3593945612399998,
    "e_id": 68,
    "tspan": [
        1300,
        1350
    ],
    "r_id": null,
    "rate_calc_kwargs": {},
    "description": null,
    "t_id": 520
}