{
    "tof_type": "activity",
    "rate": 5.68859289226994e-13,
    "tof": 0.0011439591605164265,
    "potential": 1.3593945612399998,
    "current": 1.6344395254901986e-06,
    "e_id": 68,
    "tspan": [
        1300,
        1350
    ],
    "r_id": null,
    "rate_calc_kwargs": {},
    "description": null,
    "t_id": 520
}