{
    "tof_type": "activity",
    "rate": 9.41774241047799e-13,
    "tof": 0.0019386284541001802,
    "potential": 1.3593945612399998,
    "e_id": 68,
    "tspan": [
        1300,
        1350
    ],
    "r_id": null,
    "rate_calc_kwargs": {},
    "description": null,
    "t_id": 520
}