{
    "tof_type": "activity",
    "rate": 9.413545699000864e-13,
    "tof": 0.0019377645672015373,
    "potential": 1.36923416552,
    "e_id": 68,
    "tspan": [
        1550,
        1600
    ],
    "r_id": null,
    "rate_calc_kwargs": {},
    "description": null,
    "t_id": 521
}