{
    "tof_type": "activity",
    "rate": 9.494293784910138e-13,
    "tof": 0.001954386442183346,
    "potential": 1.36923416552,
    "current": 1.8204313232514913e-06,
    "e_id": 68,
    "tspan": [
        1550,
        1600
    ],
    "r_id": null,
    "rate_calc_kwargs": {},
    "description": null,
    "t_id": 521
}