{
    "tof_type": "activity",
    "rate": 2.457518054201966e-12,
    "tof": 0.00505876484903672,
    "potential": 1.3792244804800002,
    "e_id": 68,
    "tspan": [
        1800,
        1850
    ],
    "r_id": null,
    "rate_calc_kwargs": {},
    "description": null,
    "t_id": 522
}