{
    "tof_type": "activity",
    "rate": 2.1069071646627998e-12,
    "tof": 0.004337037478343529,
    "potential": 1.3792244804800002,
    "e_id": 68,
    "tspan": [
        1800,
        1850
    ],
    "r_id": null,
    "rate_calc_kwargs": {},
    "description": null,
    "t_id": 522
}