{
    "tof_type": "activity",
    "rate": 2.1249799213237796e-12,
    "tof": 0.004374239982701711,
    "potential": 1.3792244804800002,
    "current": 2.3464737863324485e-06,
    "e_id": 68,
    "tspan": [
        1800,
        1850
    ],
    "r_id": null,
    "rate_calc_kwargs": {},
    "description": null,
    "t_id": 522
}