{
    "tof_type": "activity",
    "rate": 1.1850697528441972e-11,
    "tof": 0.02439448694626832,
    "potential": 1.39924662002,
    "current": 6.149602640477277e-06,
    "e_id": 68,
    "tspan": [
        2075,
        2125
    ],
    "r_id": null,
    "rate_calc_kwargs": {},
    "description": null,
    "t_id": 523
}