{
    "tof_type": "activity",
    "rate": 7.089890902123369e-11,
    "tof": 0.14594436373658218,
    "potential": 1.4292700583,
    "current": 2.884399082914486e-05,
    "e_id": 68,
    "tspan": [
        2325,
        2375
    ],
    "r_id": null,
    "rate_calc_kwargs": {},
    "description": null,
    "t_id": 524
}