{
    "tof_type": "activity",
    "rate": 1.3977407321828445e-10,
    "tof": 0.2877228784522418,
    "potential": 1.44922249034,
    "e_id": 68,
    "tspan": [
        2600,
        2650
    ],
    "r_id": null,
    "rate_calc_kwargs": {},
    "description": null,
    "t_id": 525
}