{
    "tof_type": "activity",
    "rate": 3.538159681418611e-10,
    "tof": 0.7283249779604043,
    "potential": 1.49930481008,
    "current": 0.0001387640382311243,
    "e_id": 68,
    "tspan": [
        2900,
        2950
    ],
    "r_id": null,
    "rate_calc_kwargs": {},
    "description": null,
    "t_id": 526
}