{
    "tof_type": "activity",
    "rate": 3.508067962288327e-10,
    "tof": 0.7221306417388217,
    "potential": 1.49930481008,
    "e_id": 68,
    "tspan": [
        2900,
        2950
    ],
    "r_id": null,
    "rate_calc_kwargs": {},
    "description": null,
    "t_id": 526
}