{
    "tof_type": "activity",
    "rate": 4.907849922254198e-10,
    "tof": 1.0102737039345764,
    "potential": 1.5292054719400001,
    "current": 0.0001934147912470597,
    "e_id": 68,
    "tspan": [
        3200,
        3250
    ],
    "r_id": null,
    "rate_calc_kwargs": {},
    "description": null,
    "t_id": 527
}