{
    "tof_type": "activity",
    "rate": 4.822960822152133e-11,
    "tof": 0.0992799407258366,
    "potential": 1.41923163398,
    "e_id": 68,
    "tspan": [
        3625,
        3675
    ],
    "r_id": null,
    "rate_calc_kwargs": {},
    "description": null,
    "t_id": 528
}