{
    "tof_type": "activity",
    "rate": 4.8304637086821483e-11,
    "tof": 0.09713919265690486,
    "potential": 1.41923163398,
    "current": 1.9599709997487506e-05,
    "e_id": 68,
    "tspan": [
        3625,
        3675
    ],
    "r_id": null,
    "rate_calc_kwargs": {},
    "description": null,
    "t_id": 528
}