{
    "tof_type": "activity",
    "rate": 4.786734553408205e-11,
    "tof": 0.09853422830016309,
    "potential": 1.41923163398,
    "e_id": 68,
    "tspan": [
        3625,
        3675
    ],
    "r_id": null,
    "rate_calc_kwargs": {},
    "description": null,
    "t_id": 528
}