{
    "tof_type": "activity",
    "rate": 2.7332544559654317e-11,
    "tof": 0.05626364185471239,
    "potential": 1.4090838617199999,
    "e_id": 68,
    "tspan": [
        3875,
        3925
    ],
    "r_id": null,
    "rate_calc_kwargs": {},
    "description": null,
    "t_id": 529
}