{
    "tof_type": "activity",
    "rate": 2.7574357170118753e-11,
    "tof": 0.05676140956460965,
    "potential": 1.4090838617199999,
    "e_id": 68,
    "tspan": [
        3875,
        3925
    ],
    "r_id": null,
    "rate_calc_kwargs": {},
    "description": null,
    "t_id": 529
}