{
    "tof_type": "activity",
    "rate": 1.3168426550800201e-11,
    "tof": 0.02710701280033616,
    "potential": 1.3992080082799998,
    "e_id": 68,
    "tspan": [
        4150,
        4200
    ],
    "r_id": null,
    "rate_calc_kwargs": {},
    "description": null,
    "t_id": 530
}