{
    "tof_type": "activity",
    "rate": 1.3129726017374238e-11,
    "tof": 0.027027348320232146,
    "potential": 1.3992080082799998,
    "current": 6.369580590852802e-06,
    "e_id": 68,
    "tspan": [
        4150,
        4200
    ],
    "r_id": null,
    "rate_calc_kwargs": {},
    "description": null,
    "t_id": 530
}