{
    "tof_type": "activity",
    "rate": 5.8790624395512564e-12,
    "tof": 0.01182262021617273,
    "potential": 1.3891500848199998,
    "current": 3.5326385628183268e-06,
    "e_id": 68,
    "tspan": [
        4400,
        4450
    ],
    "r_id": null,
    "rate_calc_kwargs": {},
    "description": null,
    "t_id": 531
}