{
    "tof_type": "activity",
    "rate": 8.48957737966325e-12,
    "tof": 0.017475670446443124,
    "potential": 1.3891500848199998,
    "e_id": 68,
    "tspan": [
        4400,
        4450
    ],
    "r_id": null,
    "rate_calc_kwargs": {},
    "description": null,
    "t_id": 531
}