{
    "tof_type": "activity",
    "rate": 2.1513855977417255e-12,
    "tof": 0.004428595680089058,
    "potential": 1.37924725736,
    "current": 2.183072272790866e-06,
    "e_id": 68,
    "tspan": [
        4650,
        4700
    ],
    "r_id": null,
    "rate_calc_kwargs": {},
    "description": null,
    "t_id": 532
}