{
    "tof_type": "activity",
    "rate": 2.217200851387342e-12,
    "tof": 0.004564075413840595,
    "potential": 1.37924725736,
    "e_id": 68,
    "tspan": [
        4650,
        4700
    ],
    "r_id": null,
    "rate_calc_kwargs": {},
    "description": null,
    "t_id": 532
}