{
    "tof_type": "activity",
    "rate": 7.983471337811289e-13,
    "tof": 0.0016433858586697822,
    "potential": 1.3695669441999998,
    "e_id": 68,
    "tspan": [
        4900,
        4950
    ],
    "r_id": null,
    "rate_calc_kwargs": {},
    "description": null,
    "t_id": 533
}