{
    "tof_type": "activity",
    "rate": 8.591511590596469e-13,
    "tof": 0.0017685500523704027,
    "potential": 1.3695669441999998,
    "e_id": 68,
    "tspan": [
        4900,
        4950
    ],
    "r_id": null,
    "rate_calc_kwargs": {},
    "description": null,
    "t_id": 533
}