{
    "tof_type": "activity",
    "rate": 8.051952444723877e-13,
    "tof": 0.001657482594027644,
    "potential": 1.3695669441999998,
    "current": 1.6061926356312264e-06,
    "e_id": 68,
    "tspan": [
        4900,
        4950
    ],
    "r_id": null,
    "rate_calc_kwargs": {},
    "description": null,
    "t_id": 533
}