{
    "tof_type": "activity",
    "rate": 2.9158308029042224e-13,
    "tof": 0.0006002194916228337,
    "potential": 1.3592296996599997,
    "current": 1.351421968619144e-06,
    "e_id": 68,
    "tspan": [
        5150,
        5200
    ],
    "r_id": null,
    "rate_calc_kwargs": {},
    "description": null,
    "t_id": 534
}