{
    "tof_type": "activity",
    "rate": 2.891031933024713e-13,
    "tof": 0.0005951146806519521,
    "potential": 1.3592296996599997,
    "e_id": 68,
    "tspan": [
        5150,
        5200
    ],
    "r_id": null,
    "rate_calc_kwargs": {},
    "description": null,
    "t_id": 534
}