{
    "tof_type": "activity",
    "rate": 2.91744292007457e-13,
    "tof": 0.00011733782384878476,
    "potential": 1.3592296996599997,
    "current": 1.351421968619144e-06,
    "e_id": 68,
    "tspan": [
        5150,
        5200
    ],
    "r_id": null,
    "rate_calc_kwargs": {},
    "description": null,
    "t_id": 534,
    "amount": null
}