{
    "tof_type": "activity",
    "rate": 2.339949939932653e-13,
    "tof": 0.00048167526111952903,
    "potential": 1.3492354917799998,
    "e_id": 68,
    "tspan": [
        5400,
        5450
    ],
    "r_id": null,
    "rate_calc_kwargs": {},
    "description": null,
    "t_id": 535
}