{
    "tof_type": "activity",
    "rate": 1.1638032605052048e-13,
    "tof": 0.00023956719322454305,
    "potential": 1.3492354917799998,
    "e_id": 68,
    "tspan": [
        5400,
        5450
    ],
    "r_id": null,
    "rate_calc_kwargs": {},
    "description": null,
    "t_id": 535
}