{
    "tof_type": "activity",
    "rate": 1.1744351710319158e-13,
    "tof": 4.72350859967598e-05,
    "potential": 1.3492354917799998,
    "current": 1.2236149368752171e-06,
    "e_id": 68,
    "tspan": [
        5400,
        5450
    ],
    "r_id": null,
    "rate_calc_kwargs": {},
    "description": null,
    "t_id": 535,
    "amount": null
}