{
    "tof_type": "activity",
    "rate": 2.570147275235363e-11,
    "tof": 0.5008010009377797,
    "potential": 1.62941524682,
    "e_id": 69,
    "tspan": [
        1700,
        1750
    ],
    "r_id": null,
    "rate_calc_kwargs": {},
    "description": null,
    "t_id": 537
}