{
    "tof_type": "activity",
    "rate": 2.913012401778221e-11,
    "tof": 0.5676093119687489,
    "potential": 1.6488315054200002,
    "current": 1.590217340644404e-05,
    "e_id": 69,
    "tspan": [
        2050,
        2100
    ],
    "r_id": null,
    "rate_calc_kwargs": {},
    "description": null,
    "t_id": 538
}