{
    "tof_type": "activity",
    "rate": 2.94694975301883e-11,
    "tof": 0.5742221079101477,
    "potential": 1.6488315054200002,
    "e_id": 69,
    "tspan": [
        2050,
        2100
    ],
    "r_id": null,
    "rate_calc_kwargs": {},
    "description": null,
    "t_id": 538
}