{
    "tof_type": "activity",
    "rate": 5.962393513552442e-13,
    "tof": 0.0003801712602908719,
    "potential": 1.3293603898119999,
    "e_id": 70,
    "tspan": [
        1900,
        1950
    ],
    "r_id": null,
    "rate_calc_kwargs": {},
    "description": null,
    "t_id": 539
}