{
    "tof_type": "activity",
    "rate": 6.006615070034625e-13,
    "tof": 0.0003829908938527364,
    "potential": 1.3293603898119999,
    "current": 1.1488251220581643e-06,
    "e_id": 70,
    "tspan": [
        1900,
        1950
    ],
    "r_id": null,
    "rate_calc_kwargs": {},
    "description": null,
    "t_id": 539
}