{
    "tof_type": "activity",
    "rate": 9.67923657459645e-14,
    "tof": 6.171628153783831e-05,
    "potential": 1.339004497886,
    "e_id": 70,
    "tspan": [
        2125,
        2175
    ],
    "r_id": null,
    "rate_calc_kwargs": {},
    "description": null,
    "t_id": 540
}