{
    "tof_type": "activity",
    "rate": 1.4542584874918633e-13,
    "tof": 9.272572847159766e-05,
    "potential": 1.339004497886,
    "e_id": 70,
    "tspan": [
        2125,
        2175
    ],
    "r_id": null,
    "rate_calc_kwargs": {},
    "description": null,
    "t_id": 540
}