{
    "tof_type": "activity",
    "rate": 7.963861593245833e-13,
    "tof": 9.798114893359867e-05,
    "potential": 1.3594555209659998,
    "current": 1.7256204848969406e-06,
    "e_id": 70,
    "tspan": [
        2375,
        2425
    ],
    "r_id": null,
    "rate_calc_kwargs": {},
    "description": null,
    "t_id": 541,
    "amount": null
}