{
    "tof_type": "activity",
    "rate": 7.977292121417958e-13,
    "tof": 0.0005086442537907866,
    "potential": 1.3594555209659998,
    "current": 1.7256204848969406e-06,
    "e_id": 70,
    "tspan": [
        2375,
        2425
    ],
    "r_id": null,
    "rate_calc_kwargs": {},
    "description": null,
    "t_id": 541
}