{
    "tof_type": "activity",
    "rate": 7.918562159532765e-13,
    "tof": 0.0005048995422792135,
    "potential": 1.3594555209659998,
    "e_id": 70,
    "tspan": [
        2375,
        2425
    ],
    "r_id": null,
    "rate_calc_kwargs": {},
    "description": null,
    "t_id": 541
}