{
    "tof_type": "activity",
    "rate": 6.490570014680497e-12,
    "tof": 0.00413848595682014,
    "potential": 1.379534888524,
    "e_id": 70,
    "tspan": [
        2625,
        2675
    ],
    "r_id": null,
    "rate_calc_kwargs": {},
    "description": null,
    "t_id": 542
}