{
    "tof_type": "activity",
    "rate": 6.499150863336898e-12,
    "tof": 0.004143957236165682,
    "potential": 1.379534888524,
    "current": 3.846590217375433e-06,
    "e_id": 70,
    "tspan": [
        2625,
        2675
    ],
    "r_id": null,
    "rate_calc_kwargs": {},
    "description": null,
    "t_id": 542
}