{
    "tof_type": "activity",
    "rate": 2.9254889698833066e-11,
    "tof": 0.01865336170985017,
    "potential": 1.3995847643880002,
    "e_id": 70,
    "tspan": [
        2875,
        2925
    ],
    "r_id": null,
    "rate_calc_kwargs": {},
    "description": null,
    "t_id": 543
}