{
    "tof_type": "activity",
    "rate": 1.1116183973219641e-10,
    "tof": 0.07087847625485198,
    "potential": 1.4288214016079999,
    "e_id": 70,
    "tspan": [
        3150,
        3200
    ],
    "r_id": null,
    "rate_calc_kwargs": {},
    "description": null,
    "t_id": 544
}