{
    "tof_type": "activity",
    "rate": 3.9861324513737315e-10,
    "tof": 0.2541618553489602,
    "potential": 1.499169278848,
    "e_id": 70,
    "tspan": [
        3425,
        3475
    ],
    "r_id": null,
    "rate_calc_kwargs": {},
    "description": null,
    "t_id": 545
}