{
    "tof_type": "activity",
    "rate": 3.995506903531303e-10,
    "tof": 0.2547595846472998,
    "potential": 1.499169278848,
    "current": 0.00015306423278464574,
    "e_id": 70,
    "tspan": [
        3425,
        3475
    ],
    "r_id": null,
    "rate_calc_kwargs": {},
    "description": null,
    "t_id": 545
}