{
    "tof_type": "activity",
    "rate": 5.292893428203939e-10,
    "tof": 0.3374829186654399,
    "potential": 1.529293977232,
    "current": 0.00020357565214438933,
    "e_id": 70,
    "tspan": [
        3750,
        3800
    ],
    "r_id": null,
    "rate_calc_kwargs": {},
    "description": null,
    "t_id": 546
}