{
    "tof_type": "activity",
    "rate": 5.253926392201056e-10,
    "tof": 0.33499832130477536,
    "potential": 1.529293977232,
    "e_id": 70,
    "tspan": [
        3750,
        3800
    ],
    "r_id": null,
    "rate_calc_kwargs": {},
    "description": null,
    "t_id": 546
}