{
    "tof_type": "activity",
    "rate": 5.281097871455678e-10,
    "tof": 0.33673081606358607,
    "potential": 1.529293977232,
    "e_id": 70,
    "tspan": [
        3750,
        3800
    ],
    "r_id": null,
    "rate_calc_kwargs": {},
    "description": null,
    "t_id": 546
}