{
    "tof_type": "activity",
    "rate": 9.790893417717468e-12,
    "tof": 0.00018759567300264486,
    "potential": 1.33864132664,
    "e_id": 71,
    "tspan": [
        350,
        400
    ],
    "r_id": null,
    "rate_calc_kwargs": {},
    "description": null,
    "t_id": 547
}