{
    "tof_type": "activity",
    "rate": 2.105297905124583e-11,
    "tof": 0.00040337971269120124,
    "potential": 1.34896163,
    "e_id": 71,
    "tspan": [
        880,
        930
    ],
    "r_id": null,
    "rate_calc_kwargs": {},
    "description": null,
    "t_id": 548
}