{
    "tof_type": "activity",
    "rate": 8.153779884931569e-12,
    "tof": 0.00015622821736177797,
    "potential": 1.3387317871,
    "e_id": 71,
    "tspan": [
        1415,
        1465
    ],
    "r_id": null,
    "rate_calc_kwargs": {},
    "description": null,
    "t_id": 549
}