{
    "tof_type": "activity",
    "rate": 3.110011151311987e-12,
    "tof": 5.958849821818561e-05,
    "potential": 1.32881061064,
    "e_id": 71,
    "tspan": [
        1925,
        1975
    ],
    "r_id": null,
    "rate_calc_kwargs": {},
    "description": null,
    "t_id": 550
}