{
    "tof_type": "activity",
    "rate": 8.949238703039048e-13,
    "tof": 1.7146938340886476e-05,
    "potential": 1.3087332621399999,
    "e_id": 71,
    "tspan": [
        2885,
        2935
    ],
    "r_id": null,
    "rate_calc_kwargs": {},
    "description": null,
    "t_id": 552
}