{
    "tof_type": "activity",
    "rate": 2.2039658817705985e-13,
    "tof": 4.222847141992593e-06,
    "potential": 1.2989107868599998,
    "e_id": 71,
    "tspan": [
        3330,
        3380
    ],
    "r_id": null,
    "rate_calc_kwargs": {},
    "description": null,
    "t_id": 553
}