{
    "tof_type": "activity",
    "rate": 1.5375418864511647e-13,
    "tof": 2.945964097991427e-06,
    "potential": 1.29877579922,
    "e_id": 71,
    "tspan": [
        3780,
        3830
    ],
    "r_id": null,
    "rate_calc_kwargs": {},
    "description": null,
    "t_id": 554
}