{
    "tof_type": "activity",
    "rate": 5.169981844396146e-13,
    "tof": 9.905799012742733e-06,
    "potential": 1.29877579922,
    "e_id": 71,
    "tspan": [
        3780,
        3830
    ],
    "r_id": null,
    "rate_calc_kwargs": {},
    "description": null,
    "t_id": 554
}