{
    "tof_type": "activity",
    "rate": 6.731827705938546e-14,
    "tof": 1.2898330061975088e-06,
    "potential": 1.2884217676,
    "current": 1.423828069045693e-06,
    "e_id": 71,
    "tspan": [
        4210,
        4260
    ],
    "r_id": null,
    "rate_calc_kwargs": {},
    "description": null,
    "t_id": 555
}