{
    "tof_type": "activity",
    "rate": 4.5336933389939085e-14,
    "tof": 8.686656230749227e-07,
    "potential": 1.2876300834999999,
    "e_id": 71,
    "tspan": [
        4630,
        4680
    ],
    "r_id": null,
    "rate_calc_kwargs": {},
    "description": null,
    "t_id": 556
}