{
    "tof_type": "activity",
    "rate": 2.486111616075719e-13,
    "tof": 4.763444579362449e-06,
    "potential": 1.2876300834999999,
    "e_id": 71,
    "tspan": [
        4630,
        4680
    ],
    "r_id": null,
    "rate_calc_kwargs": {},
    "description": null,
    "t_id": 556
}