{
    "tof_type": "activity",
    "rate": 1.0316709374354483e-13,
    "tof": 1.976704224716107e-06,
    "potential": 1.2887447764,
    "e_id": 71,
    "tspan": [
        5230,
        5280
    ],
    "r_id": null,
    "rate_calc_kwargs": {},
    "description": null,
    "t_id": 557
}