{
    "tof_type": "activity",
    "rate": 4.003846153606983e-14,
    "tof": 7.671457360834557e-07,
    "potential": 1.2887447764,
    "e_id": 71,
    "tspan": [
        5230,
        5280
    ],
    "r_id": null,
    "rate_calc_kwargs": {},
    "description": null,
    "t_id": 557
}