{
    "tof_type": "activity",
    "rate": 1.7403653237362266e-14,
    "tof": 3.334578268270804e-07,
    "potential": 1.2888355439599999,
    "e_id": 71,
    "tspan": [
        5650,
        5700
    ],
    "r_id": null,
    "rate_calc_kwargs": {},
    "description": null,
    "t_id": 558
}