{
    "tof_type": "activity",
    "rate": 8.805921320061011e-12,
    "tof": 0.00013771437510676094,
    "potential": 1.3191021265263156,
    "e_id": 73,
    "tspan": [
        390,
        440
    ],
    "r_id": null,
    "rate_calc_kwargs": {},
    "description": null,
    "t_id": 562
}