{
    "tof_type": "activity",
    "rate": 9.037285221720244e-12,
    "tof": 0.00014133263763503013,
    "potential": 1.3191021265263156,
    "current": 2.1205920044773824e-05,
    "e_id": 73,
    "tspan": [
        390,
        440
    ],
    "r_id": null,
    "rate_calc_kwargs": {},
    "description": null,
    "t_id": 562
}