{
    "tof_type": "activity",
    "rate": 1.9722614576524793e-11,
    "tof": 0.0003084387701364096,
    "potential": 1.3289147806860706,
    "e_id": 73,
    "tspan": [
        880,
        930
    ],
    "r_id": null,
    "rate_calc_kwargs": {},
    "description": null,
    "t_id": 563
}