{
    "tof_type": "activity",
    "rate": 5.124095902669621e-11,
    "tof": 0.0008013490463691446,
    "potential": 1.339176707086777,
    "current": 4.1755003064900245e-05,
    "e_id": 73,
    "tspan": [
        1390,
        1440
    ],
    "r_id": null,
    "rate_calc_kwargs": {},
    "description": null,
    "t_id": 564
}