{
    "tof_type": "activity",
    "rate": 4.9625142196969935e-11,
    "tof": 0.000776079549072387,
    "potential": 1.339176707086777,
    "e_id": 73,
    "tspan": [
        1390,
        1440
    ],
    "r_id": null,
    "rate_calc_kwargs": {},
    "description": null,
    "t_id": 564
}