{
    "tof_type": "activity",
    "rate": 1.1841844425611838e-10,
    "tof": 0.001851926840942199,
    "potential": 1.349013919447853,
    "e_id": 73,
    "tspan": [
        1925,
        1975
    ],
    "r_id": null,
    "rate_calc_kwargs": {},
    "description": null,
    "t_id": 565
}