{
    "tof_type": "activity",
    "rate": 1.2227420177555417e-10,
    "tof": 0.0019122264073422105,
    "potential": 1.349013919447853,
    "current": 6.860274068320015e-05,
    "e_id": 73,
    "tspan": [
        1925,
        1975
    ],
    "r_id": null,
    "rate_calc_kwargs": {},
    "description": null,
    "t_id": 565
}