{
    "tof_type": "activity",
    "rate": 5.3778299223994036e-11,
    "tof": 0.0008410300981300879,
    "potential": 1.33915436774,
    "current": 3.658442818758182e-05,
    "e_id": 73,
    "tspan": [
        2450,
        2500
    ],
    "r_id": null,
    "rate_calc_kwargs": {},
    "description": null,
    "t_id": 566
}