{
    "tof_type": "activity",
    "rate": 5.2307012497561215e-11,
    "tof": 0.0008180208836743581,
    "potential": 1.33915436774,
    "e_id": 73,
    "tspan": [
        2450,
        2500
    ],
    "r_id": null,
    "rate_calc_kwargs": {},
    "description": null,
    "t_id": 566
}