{
    "tof_type": "activity",
    "rate": 1.7966185820587694e-11,
    "tof": 0.000280970265734448,
    "potential": 1.3289526071599997,
    "e_id": 73,
    "tspan": [
        2965,
        3015
    ],
    "r_id": null,
    "rate_calc_kwargs": {},
    "description": null,
    "t_id": 567
}