{
    "tof_type": "activity",
    "rate": 1.8551172868074026e-11,
    "tof": 0.0002901187832787282,
    "potential": 1.3289526071599997,
    "current": 2.0184688220794436e-05,
    "e_id": 73,
    "tspan": [
        2965,
        3015
    ],
    "r_id": null,
    "rate_calc_kwargs": {},
    "description": null,
    "t_id": 567
}