{
    "tof_type": "activity",
    "rate": 6.918500443330993e-12,
    "tof": 0.00010321813084686245,
    "potential": 1.3191207029122054,
    "current": 1.3008190810315161e-05,
    "e_id": 73,
    "tspan": [
        3460,
        3510
    ],
    "r_id": null,
    "rate_calc_kwargs": {},
    "description": null,
    "t_id": 568
}