{
    "tof_type": "activity",
    "rate": 2.6208807115027345e-12,
    "tof": 4.098752831140006e-05,
    "potential": 1.3088461889399998,
    "e_id": 73,
    "tspan": [
        3930,
        3980
    ],
    "r_id": null,
    "rate_calc_kwargs": {},
    "description": null,
    "t_id": 569
}