{
    "tof_type": "activity",
    "rate": 1.8528285392013096e-12,
    "tof": 2.8976084975321266e-05,
    "potential": 1.2990658997940503,
    "current": 7.378942950042796e-06,
    "e_id": 73,
    "tspan": [
        4390,
        4440
    ],
    "r_id": null,
    "rate_calc_kwargs": {},
    "description": null,
    "t_id": 570
}