{
    "tof_type": "activity",
    "rate": 1.794402007124132e-12,
    "tof": 2.8062361917594936e-05,
    "potential": 1.2990658997940503,
    "e_id": 73,
    "tspan": [
        4390,
        4440
    ],
    "r_id": null,
    "rate_calc_kwargs": {},
    "description": null,
    "t_id": 570
}