{
    "tof_type": "activity",
    "rate": 1.843002570160767e-12,
    "tof": 5.499205557508607e-06,
    "potential": 1.2990658997940503,
    "current": 7.378942950042796e-06,
    "e_id": 73,
    "tspan": [
        4390,
        4440
    ],
    "r_id": null,
    "rate_calc_kwargs": {},
    "description": null,
    "t_id": 570,
    "amount": null
}