{
    "tof_type": "activity",
    "rate": 3.5009333369737957e-13,
    "tof": 5.223094198255527e-06,
    "potential": 1.2789800091452992,
    "current": 5.311354212248663e-06,
    "e_id": 73,
    "tspan": [
        4810,
        4860
    ],
    "r_id": null,
    "rate_calc_kwargs": {},
    "description": null,
    "t_id": 571
}