{
    "tof_type": "activity",
    "rate": 3.62309203908541e-13,
    "tof": 5.666094869372177e-06,
    "potential": 1.2789800091452992,
    "e_id": 73,
    "tspan": [
        4810,
        4860
    ],
    "r_id": null,
    "rate_calc_kwargs": {},
    "description": null,
    "t_id": 571
}