{
    "tof_type": "activity",
    "rate": 1.3224502346738114e-12,
    "tof": 2.068158470403316e-05,
    "potential": 1.2990690726611225,
    "e_id": 73,
    "tspan": [
        5230,
        5280
    ],
    "r_id": null,
    "rate_calc_kwargs": {},
    "description": null,
    "t_id": 572
}