{
    "tof_type": "activity",
    "rate": 7.610874605173037e-12,
    "tof": 0.039762877459624923,
    "potential": 1.3989824006,
    "e_id": 74,
    "tspan": [
        750,
        800
    ],
    "r_id": null,
    "rate_calc_kwargs": {},
    "description": null,
    "t_id": 574
}