{
    "tof_type": "activity",
    "rate": 2.263701237582658e-11,
    "tof": 0.11826666393113447,
    "potential": 1.4188733642000002,
    "e_id": 74,
    "tspan": [
        1400,
        1450
    ],
    "r_id": null,
    "rate_calc_kwargs": {},
    "description": null,
    "t_id": 576
}