{
    "tof_type": "activity",
    "rate": 4.070647424161343e-11,
    "tof": 0.2126702423900799,
    "potential": 1.4291635652000003,
    "e_id": 74,
    "tspan": [
        1725,
        1775
    ],
    "r_id": null,
    "rate_calc_kwargs": {},
    "description": null,
    "t_id": 577
}