{
    "tof_type": "activity",
    "rate": 2.2639758351168286e-11,
    "tof": 0.11828101022990875,
    "potential": 1.4190154858000001,
    "e_id": 74,
    "tspan": [
        2050,
        2100
    ],
    "r_id": null,
    "rate_calc_kwargs": {},
    "description": null,
    "t_id": 578
}