{
    "tof_type": "activity",
    "rate": 1.2577160336311918e-11,
    "tof": 0.06570914792143731,
    "potential": 1.4090713390000003,
    "e_id": 74,
    "tspan": [
        2375,
        2425
    ],
    "r_id": null,
    "rate_calc_kwargs": {},
    "description": null,
    "t_id": 579
}