{
    "tof_type": "activity",
    "rate": 6.582415441109173e-12,
    "tof": 0.03438971105834115,
    "potential": 1.3989207814999998,
    "e_id": 74,
    "tspan": [
        2700,
        2750
    ],
    "r_id": null,
    "rate_calc_kwargs": {},
    "description": null,
    "t_id": 580
}