{
    "tof_type": "activity",
    "rate": 6.621134441790916e-12,
    "tof": 0.03459199778087115,
    "potential": 1.3989207814999998,
    "e_id": 74,
    "tspan": [
        2700,
        2750
    ],
    "r_id": null,
    "rate_calc_kwargs": {},
    "description": null,
    "t_id": 580
}