{
    "tof_type": "activity",
    "rate": 3.4646023455593307e-12,
    "tof": 0.01810075262824182,
    "potential": 1.3890275682000004,
    "e_id": 74,
    "tspan": [
        3025,
        3075
    ],
    "r_id": null,
    "rate_calc_kwargs": {},
    "description": null,
    "t_id": 581
}