{
    "tof_type": "activity",
    "rate": 1.860247219162222e-12,
    "tof": 0.009718828131773398,
    "potential": 1.3793047119999997,
    "e_id": 74,
    "tspan": [
        3325,
        3375
    ],
    "r_id": null,
    "rate_calc_kwargs": {},
    "description": null,
    "t_id": 582
}