{
    "tof_type": "activity",
    "rate": 1.8767972924953594e-12,
    "tof": 0.009805293692176411,
    "potential": 1.3793047119999997,
    "e_id": 74,
    "tspan": [
        3325,
        3375
    ],
    "r_id": null,
    "rate_calc_kwargs": {},
    "description": null,
    "t_id": 582
}