{
    "tof_type": "activity",
    "rate": 1.0143065021670641e-12,
    "tof": 0.005299226073801908,
    "potential": 1.3691013079999999,
    "e_id": 74,
    "tspan": [
        3650,
        3700
    ],
    "r_id": null,
    "rate_calc_kwargs": {},
    "description": null,
    "t_id": 583
}