{
    "tof_type": "activity",
    "rate": 1.4122938883190192e-13,
    "tof": 0.0007378504013196735,
    "potential": 1.3392740181,
    "e_id": 74,
    "tspan": [
        4550,
        4600
    ],
    "r_id": null,
    "rate_calc_kwargs": {},
    "description": null,
    "t_id": 586
}