{
    "tof_type": "activity",
    "rate": 1.3166618711033144e-13,
    "tof": 0.0006878876259616323,
    "potential": 1.3392740181,
    "e_id": 74,
    "tspan": [
        4550,
        4600
    ],
    "r_id": null,
    "rate_calc_kwargs": {},
    "description": null,
    "t_id": 586
}