{
    "tof_type": "activity",
    "rate": 1.100563454636368e-13,
    "tof": 0.000574987397026658,
    "potential": 1.3290772928,
    "e_id": 74,
    "tspan": [
        4850,
        4900
    ],
    "r_id": null,
    "rate_calc_kwargs": {},
    "description": null,
    "t_id": 587
}