{
    "tof_type": "activity",
    "rate": 1.4454590392081374e-10,
    "tof": -1.0973268419001034,
    "potential": null,
    "current": 0.00010072678485297054,
    "e_id": 20,
    "tspan": [
        100.0,
        235.0
    ],
    "r_id": null,
    "rate_calc_kwargs": {},
    "description": "first 2 min",
    "t_id": 59
}