{
    "tof_type": "activity",
    "rate": 3.0499245719972355e-10,
    "tof": 1.5934276060072845,
    "potential": 1.4694933825,
    "e_id": 74,
    "tspan": [
        7025,
        7075
    ],
    "r_id": null,
    "rate_calc_kwargs": {},
    "description": null,
    "t_id": 593
}