{
    "tof_type": "activity",
    "rate": 4.216753775019045e-10,
    "tof": 2.2030354240697814,
    "potential": 1.4790912863999994,
    "e_id": 74,
    "tspan": [
        7375,
        7425
    ],
    "r_id": null,
    "rate_calc_kwargs": {},
    "description": null,
    "t_id": 594
}