{
    "tof_type": "activity",
    "rate": 2.727421709289121e-12,
    "tof": 0.012012888317237947,
    "potential": 1.38985991554,
    "current": 9.379425321243927e-07,
    "e_id": 75,
    "tspan": [
        225,
        275
    ],
    "r_id": null,
    "rate_calc_kwargs": {},
    "description": null,
    "t_id": 595
}