{
    "tof_type": "activity",
    "rate": 2.7631614928268228e-12,
    "tof": 0.012170303661795197,
    "potential": 1.38985991554,
    "e_id": 75,
    "tspan": [
        225,
        275
    ],
    "r_id": null,
    "rate_calc_kwargs": {},
    "description": null,
    "t_id": 595
}