{
    "tof_type": "activity",
    "rate": 4.803099708532169e-12,
    "tof": 0.02115518116565621,
    "potential": 1.38985991554,
    "e_id": 75,
    "tspan": [
        225,
        275
    ],
    "r_id": null,
    "rate_calc_kwargs": {},
    "description": null,
    "t_id": 595
}