{
    "tof_type": "activity",
    "rate": 4.1009954395318785e-12,
    "tof": 0.01806277336460706,
    "potential": 1.39935949728,
    "e_id": 75,
    "tspan": [
        550,
        600
    ],
    "r_id": null,
    "rate_calc_kwargs": {},
    "description": null,
    "t_id": 596
}