{
    "tof_type": "activity",
    "rate": 4.0479516020006785e-12,
    "tof": 0.017829142571829475,
    "potential": 1.39935949728,
    "current": 1.5423669632116074e-06,
    "e_id": 75,
    "tspan": [
        550,
        600
    ],
    "r_id": null,
    "rate_calc_kwargs": {},
    "description": null,
    "t_id": 596
}