{
    "tof_type": "activity",
    "rate": 6.630054183010068e-12,
    "tof": 0.029201974951829246,
    "potential": 1.40920261546,
    "e_id": 75,
    "tspan": [
        875,
        925
    ],
    "r_id": null,
    "rate_calc_kwargs": {},
    "description": null,
    "t_id": 597
}