{
    "tof_type": "activity",
    "rate": 8.135182058892881e-12,
    "tof": 0.03583128827531029,
    "potential": 1.40920261546,
    "e_id": 75,
    "tspan": [
        875,
        925
    ],
    "r_id": null,
    "rate_calc_kwargs": {},
    "description": null,
    "t_id": 597
}