{
    "tof_type": "activity",
    "rate": 1.1462089960081735e-11,
    "tof": 0.05048460460061553,
    "potential": 1.4192481369999999,
    "e_id": 75,
    "tspan": [
        1200,
        1250
    ],
    "r_id": null,
    "rate_calc_kwargs": {},
    "description": null,
    "t_id": 598
}