{
    "tof_type": "activity",
    "rate": 1.8956246074329845e-11,
    "tof": 0.08349250364526788,
    "potential": 1.4293955668600002,
    "e_id": 75,
    "tspan": [
        1525,
        1575
    ],
    "r_id": null,
    "rate_calc_kwargs": {},
    "description": null,
    "t_id": 599
}