{
    "tof_type": "activity",
    "rate": 1.0835899320815164e-11,
    "tof": 0.04772655725165247,
    "potential": 1.419472671,
    "e_id": 75,
    "tspan": [
        1850,
        1900
    ],
    "r_id": null,
    "rate_calc_kwargs": {},
    "description": null,
    "t_id": 600
}