{
    "tof_type": "activity",
    "rate": 6.659611905482882e-12,
    "tof": 0.029332161500454458,
    "potential": 1.40898239428,
    "e_id": 75,
    "tspan": [
        2175,
        2225
    ],
    "r_id": null,
    "rate_calc_kwargs": {},
    "description": null,
    "t_id": 601
}