{
    "tof_type": "activity",
    "rate": 5.8769431850545375e-12,
    "tof": 0.02588490877240024,
    "potential": 1.40898239428,
    "e_id": 75,
    "tspan": [
        2175,
        2225
    ],
    "r_id": null,
    "rate_calc_kwargs": {},
    "description": null,
    "t_id": 601
}