{
    "tof_type": "activity",
    "rate": 3.1100125934531178e-12,
    "tof": 0.013698004171160414,
    "potential": 1.3995271835999998,
    "e_id": 75,
    "tspan": [
        2500,
        2550
    ],
    "r_id": null,
    "rate_calc_kwargs": {},
    "description": null,
    "t_id": 602
}