{
    "tof_type": "activity",
    "rate": 1.603683221051417e-12,
    "tof": 0.007063398874147814,
    "potential": 1.38882457828,
    "e_id": 75,
    "tspan": [
        2825,
        2875
    ],
    "r_id": null,
    "rate_calc_kwargs": {},
    "description": null,
    "t_id": 603
}