{
    "tof_type": "activity",
    "rate": 4.743273232072069e-13,
    "tof": 0.002089167634068495,
    "potential": 1.36911171538,
    "e_id": 75,
    "tspan": [
        3450,
        3500
    ],
    "r_id": null,
    "rate_calc_kwargs": {},
    "description": null,
    "t_id": 604
}