{
    "tof_type": "activity",
    "rate": 2.2086019278604665e-13,
    "tof": 0.0009727754313262931,
    "potential": 1.35910640836,
    "e_id": 75,
    "tspan": [
        3750,
        3800
    ],
    "r_id": null,
    "rate_calc_kwargs": {},
    "description": null,
    "t_id": 605
}