{
    "tof_type": "activity",
    "rate": 4.81897891742326e-13,
    "tof": 0.002122512090483372,
    "potential": 1.35910640836,
    "e_id": 75,
    "tspan": [
        3750,
        3800
    ],
    "r_id": null,
    "rate_calc_kwargs": {},
    "description": null,
    "t_id": 605
}