{
    "tof_type": "activity",
    "rate": 2.7930334651294914e-13,
    "tof": 0.0012301874319117973,
    "potential": 1.3492551633799998,
    "e_id": 75,
    "tspan": [
        4050,
        4100
    ],
    "r_id": null,
    "rate_calc_kwargs": {},
    "description": null,
    "t_id": 606
}