{
    "tof_type": "activity",
    "rate": 1.0953237111642905e-13,
    "tof": 0.00048243369804623046,
    "potential": 1.3492551633799998,
    "e_id": 75,
    "tspan": [
        4050,
        4100
    ],
    "r_id": null,
    "rate_calc_kwargs": {},
    "description": null,
    "t_id": 606
}