{
    "tof_type": "activity",
    "rate": 2.4391761983305774e-14,
    "tof": 0.00010743315255141626,
    "potential": 1.3288173053,
    "e_id": 75,
    "tspan": [
        4650,
        4700
    ],
    "r_id": null,
    "rate_calc_kwargs": {},
    "description": null,
    "t_id": 607
}