{
    "tof_type": "activity",
    "rate": 1.3117435342532036e-14,
    "tof": 5.777554869558425e-05,
    "potential": 1.3288173053,
    "e_id": 75,
    "tspan": [
        4650,
        4700
    ],
    "r_id": null,
    "rate_calc_kwargs": {},
    "description": null,
    "t_id": 607
}