{
    "tof_type": "activity",
    "rate": 2.4788531254560224e-11,
    "tof": 0.10918071690021433,
    "potential": 1.43943834066,
    "current": 1.012774865137708e-05,
    "e_id": 75,
    "tspan": [
        4975,
        5025
    ],
    "r_id": null,
    "rate_calc_kwargs": {},
    "description": null,
    "t_id": 608
}