{
    "tof_type": "activity",
    "rate": 3.7621847091877324e-11,
    "tof": 0.16570486546457885,
    "potential": 1.4496477707000002,
    "e_id": 75,
    "tspan": [
        5300,
        5350
    ],
    "r_id": null,
    "rate_calc_kwargs": {},
    "description": null,
    "t_id": 609
}