{
    "tof_type": "activity",
    "rate": 3.713523178732753e-11,
    "tof": 0.16356157559961002,
    "potential": 1.4496477707000002,
    "current": 1.5079461703739284e-05,
    "e_id": 75,
    "tspan": [
        5300,
        5350
    ],
    "r_id": null,
    "rate_calc_kwargs": {},
    "description": null,
    "t_id": 609
}