{
    "tof_type": "activity",
    "rate": 5.247428546719868e-11,
    "tof": 0.23112220919023918,
    "potential": 1.45923525838,
    "e_id": 75,
    "tspan": [
        5650,
        5700
    ],
    "r_id": null,
    "rate_calc_kwargs": {},
    "description": null,
    "t_id": 610
}