{
    "tof_type": "activity",
    "rate": 6.995679118471477e-11,
    "tof": 0.3081236453725204,
    "potential": 1.4691870380199998,
    "e_id": 75,
    "tspan": [
        6000,
        6050
    ],
    "r_id": null,
    "rate_calc_kwargs": {},
    "description": null,
    "t_id": 611
}