{
    "tof_type": "activity",
    "rate": 1.0937599181540348e-10,
    "tof": 0.4817449277427788,
    "potential": 1.4891719746399998,
    "e_id": 75,
    "tspan": [
        6700,
        6750
    ],
    "r_id": null,
    "rate_calc_kwargs": {},
    "description": null,
    "t_id": 612
}