{
    "tof_type": "activity",
    "rate": 1.305001012902443e-10,
    "tof": 0.5747857534640463,
    "potential": 1.4987912844399998,
    "e_id": 75,
    "tspan": [
        7050,
        7100
    ],
    "r_id": null,
    "rate_calc_kwargs": {},
    "description": null,
    "t_id": 613
}