{
    "tof_type": "activity",
    "rate": 2.1075983725810964e-12,
    "tof": 0.009282885657608177,
    "potential": 1.39908204506,
    "e_id": 75,
    "tspan": [
        8425,
        8475
    ],
    "r_id": null,
    "rate_calc_kwargs": {},
    "description": null,
    "t_id": 617
}