{
    "tof_type": "activity",
    "rate": 8.618339321789094e-15,
    "tof": 3.795934724729353e-05,
    "potential": 1.3487333378600002,
    "e_id": 75,
    "tspan": [
        9050,
        9100
    ],
    "r_id": null,
    "rate_calc_kwargs": {},
    "description": null,
    "t_id": 618
}