{
    "tof_type": "activity",
    "rate": -4.331542853036496e-13,
    "tof": -0.0019078216015381043,
    "potential": 1.3487333378600002,
    "e_id": 75,
    "tspan": [
        9050,
        9100
    ],
    "r_id": null,
    "rate_calc_kwargs": {},
    "description": null,
    "t_id": 618
}