{
    "tof_type": "activity",
    "rate": -1.0361623063229793e-13,
    "tof": -0.0004563761453535517,
    "potential": 1.33918511042,
    "e_id": 75,
    "tspan": [
        9350,
        9400
    ],
    "r_id": null,
    "rate_calc_kwargs": {},
    "description": null,
    "t_id": 619
}