{
    "tof_type": "activity",
    "rate": -5.734108577448015e-13,
    "tof": -0.0025255795869481793,
    "potential": 1.33918511042,
    "e_id": 75,
    "tspan": [
        9350,
        9400
    ],
    "r_id": null,
    "rate_calc_kwargs": {},
    "description": null,
    "t_id": 619
}