{
    "tof_type": "activity",
    "rate": 3.383724907473096e-10,
    "tof": -2.5687702424347396,
    "potential": null,
    "current": 0.00010007893642464072,
    "e_id": 20,
    "tspan": [
        360.0,
        3700.0
    ],
    "r_id": null,
    "rate_calc_kwargs": {},
    "description": "steady (60 min)",
    "t_id": 62
}