{
    "tof_type": "activity",
    "rate": 8.915775758451876e-11,
    "tof": 0.3926940160483493,
    "potential": 1.4788515586,
    "e_id": 75,
    "tspan": [
        6350,
        6400
    ],
    "r_id": null,
    "rate_calc_kwargs": {},
    "description": null,
    "t_id": 620
}