{
    "tof_type": "activity",
    "rate": 5.287422858240704e-13,
    "tof": 0.0023288375268748535,
    "potential": 1.3789312491733872,
    "e_id": 75,
    "tspan": [
        8750,
        8800
    ],
    "r_id": null,
    "rate_calc_kwargs": {},
    "description": null,
    "t_id": 621
}