{
    "tof_type": "activity",
    "rate": 5.219033316436364e-13,
    "tof": 0.0004597430909988254,
    "potential": 1.3789312491733872,
    "current": 3.3004828714889447e-07,
    "e_id": 75,
    "tspan": [
        8750,
        8800
    ],
    "r_id": null,
    "rate_calc_kwargs": {},
    "description": null,
    "t_id": 621,
    "amount": null
}