{
    "tof_type": "activity",
    "rate": 4.500559193100225e-12,
    "tof": 0.020814421229035658,
    "potential": 1.4090229797722567,
    "current": 1.9167770355052037e-06,
    "e_id": 76,
    "tspan": [
        2550,
        2600
    ],
    "r_id": null,
    "rate_calc_kwargs": {},
    "description": null,
    "t_id": 625
}