{
    "tof_type": "activity",
    "rate": 2.3757851736263668e-12,
    "tof": 0.010987655362775623,
    "potential": 1.3992984148,
    "e_id": 76,
    "tspan": [
        2850,
        2900
    ],
    "r_id": null,
    "rate_calc_kwargs": {},
    "description": null,
    "t_id": 626
}