{
    "tof_type": "activity",
    "rate": 8.356043225761796e-13,
    "tof": 0.0038645465162569343,
    "potential": 1.38916483358,
    "e_id": 76,
    "tspan": [
        3175,
        3225
    ],
    "r_id": null,
    "rate_calc_kwargs": {},
    "description": null,
    "t_id": 627
}