{
    "tof_type": "activity",
    "rate": 1.0531155104993458e-12,
    "tof": 0.004870503619187964,
    "potential": 1.38916483358,
    "e_id": 76,
    "tspan": [
        3175,
        3225
    ],
    "r_id": null,
    "rate_calc_kwargs": {},
    "description": null,
    "t_id": 627
}