{
    "tof_type": "activity",
    "rate": 4.1955612309487846e-13,
    "tof": 0.0019403850723052718,
    "potential": 1.37916917882,
    "e_id": 76,
    "tspan": [
        3500,
        3550
    ],
    "r_id": null,
    "rate_calc_kwargs": {},
    "description": null,
    "t_id": 628
}