{
    "tof_type": "activity",
    "rate": -3.040129132685464e-13,
    "tof": -0.0014060148004583508,
    "potential": 1.3690848561599998,
    "e_id": 76,
    "tspan": [
        3800,
        3850
    ],
    "r_id": null,
    "rate_calc_kwargs": {},
    "description": null,
    "t_id": 629
}