{
    "tof_type": "activity",
    "rate": 7.369820418697008e-14,
    "tof": 0.0003408433041215893,
    "potential": 1.3690848561599998,
    "e_id": 76,
    "tspan": [
        3800,
        3850
    ],
    "r_id": null,
    "rate_calc_kwargs": {},
    "description": null,
    "t_id": 629
}