{
    "tof_type": "activity",
    "rate": -9.073676792023425e-14,
    "tof": -0.0004196441436318526,
    "potential": 1.3591961062799998,
    "current": 1.8540162174357244e-07,
    "e_id": 76,
    "tspan": [
        4100,
        4150
    ],
    "r_id": null,
    "rate_calc_kwargs": {},
    "description": null,
    "t_id": 630
}