{
    "tof_type": "activity",
    "rate": -9.76911790843728e-14,
    "tof": -0.0004518072676259123,
    "potential": 1.3591961062799998,
    "e_id": 76,
    "tspan": [
        4100,
        4150
    ],
    "r_id": null,
    "rate_calc_kwargs": {},
    "description": null,
    "t_id": 630
}