{
    "tof_type": "activity",
    "rate": -1.6964753891287723e-13,
    "tof": -0.0007845947989786185,
    "potential": 1.3490672583799999,
    "e_id": 76,
    "tspan": [
        4400,
        4450
    ],
    "r_id": null,
    "rate_calc_kwargs": {},
    "description": null,
    "t_id": 631
}