{
    "tof_type": "activity",
    "rate": -7.63621283102683e-13,
    "tof": -0.003531635595488539,
    "potential": 1.3389973315698924,
    "e_id": 76,
    "tspan": [
        4725,
        4775
    ],
    "r_id": null,
    "rate_calc_kwargs": {},
    "description": null,
    "t_id": 632
}