{
    "tof_type": "activity",
    "rate": -2.2996738311172767e-13,
    "tof": -0.0010635651650499078,
    "potential": 1.3389973315698924,
    "e_id": 76,
    "tspan": [
        4725,
        4775
    ],
    "r_id": null,
    "rate_calc_kwargs": {},
    "description": null,
    "t_id": 632
}