{
    "tof_type": "activity",
    "rate": -2.490382779087449e-13,
    "tof": -0.0011517652354163417,
    "potential": 1.32933474438,
    "current": 9.594233119924463e-08,
    "e_id": 76,
    "tspan": [
        5000,
        5050
    ],
    "r_id": null,
    "rate_calc_kwargs": {},
    "description": null,
    "t_id": 633
}