{
    "tof_type": "activity",
    "rate": -2.681255191658825e-13,
    "tof": -0.0012400409057453472,
    "potential": 1.32933474438,
    "e_id": 76,
    "tspan": [
        5000,
        5050
    ],
    "r_id": null,
    "rate_calc_kwargs": {},
    "description": null,
    "t_id": 633
}