{
    "tof_type": "activity",
    "rate": -7.384626548512988e-13,
    "tof": -0.0034152806574684258,
    "potential": 1.32933474438,
    "e_id": 76,
    "tspan": [
        5000,
        5050
    ],
    "r_id": null,
    "rate_calc_kwargs": {},
    "description": null,
    "t_id": 633
}