{
    "tof_type": "activity",
    "rate": 4.2300740318979636e-11,
    "tof": 0.19216361129479892,
    "potential": 1.44917497232,
    "e_id": 77,
    "tspan": [
        525,
        575
    ],
    "r_id": null,
    "rate_calc_kwargs": {},
    "description": null,
    "t_id": 634
}