{
    "tof_type": "activity",
    "rate": 4.181418005528254e-11,
    "tof": 0.18995326753533917,
    "potential": 1.44917497232,
    "e_id": 77,
    "tspan": [
        525,
        575
    ],
    "r_id": null,
    "rate_calc_kwargs": {},
    "description": null,
    "t_id": 634
}