{
    "tof_type": "activity",
    "rate": 6.575094740196281e-11,
    "tof": 0.2986931056888965,
    "potential": 1.45914811646,
    "e_id": 77,
    "tspan": [
        850,
        900
    ],
    "r_id": null,
    "rate_calc_kwargs": {},
    "description": null,
    "t_id": 635
}