{
    "tof_type": "activity",
    "rate": 6.521397058249094e-11,
    "tof": 0.29625372982849313,
    "potential": 1.45914811646,
    "e_id": 77,
    "tspan": [
        850,
        900
    ],
    "r_id": null,
    "rate_calc_kwargs": {},
    "description": null,
    "t_id": 635
}