{
    "tof_type": "activity",
    "rate": 9.685760898566055e-11,
    "tof": 0.44000430686819386,
    "potential": 1.46920645772,
    "e_id": 77,
    "tspan": [
        1200,
        1250
    ],
    "r_id": null,
    "rate_calc_kwargs": {},
    "description": null,
    "t_id": 636
}