{
    "tof_type": "activity",
    "rate": 1.3105256704932e-10,
    "tof": 0.5953450072917913,
    "potential": 1.4790957877777777,
    "e_id": 77,
    "tspan": [
        1575,
        1625
    ],
    "r_id": null,
    "rate_calc_kwargs": {},
    "description": null,
    "t_id": 637
}