{
    "tof_type": "activity",
    "rate": 1.755147603906568e-10,
    "tof": 0.797327657574753,
    "potential": 1.48927922568,
    "e_id": 77,
    "tspan": [
        1925,
        1975
    ],
    "r_id": null,
    "rate_calc_kwargs": {},
    "description": null,
    "t_id": 638
}