{
    "tof_type": "activity",
    "rate": 2.274318339282065e-10,
    "tof": 1.0331763038065276,
    "potential": 1.49915885432,
    "e_id": 77,
    "tspan": [
        2275,
        2325
    ],
    "r_id": null,
    "rate_calc_kwargs": {},
    "description": null,
    "t_id": 639
}