{
    "tof_type": "activity",
    "rate": 1.8630063347595377e-10,
    "tof": 0.06869179595662078,
    "potential": 1.3911134609,
    "e_id": 79,
    "tspan": [
        1715,
        1765
    ],
    "r_id": null,
    "rate_calc_kwargs": {},
    "description": null,
    "t_id": 652
}