{
    "tof_type": "activity",
    "rate": 8.736606296161674e-11,
    "tof": 0.032213158154758864,
    "potential": 1.38098777788,
    "e_id": 79,
    "tspan": [
        2025,
        2075
    ],
    "r_id": null,
    "rate_calc_kwargs": {},
    "description": null,
    "t_id": 653
}