{
    "tof_type": "activity",
    "rate": 3.8152221260897646e-11,
    "tof": 0.014067287637450228,
    "potential": 1.2745340517847026,
    "e_id": 79,
    "tspan": [
        2335,
        2385
    ],
    "r_id": null,
    "rate_calc_kwargs": {},
    "description": null,
    "t_id": 654
}