{
    "tof_type": "activity",
    "rate": 1.5601593044991548e-11,
    "tof": 0.005752537852659102,
    "potential": 1.3609344881999998,
    "e_id": 79,
    "tspan": [
        2650,
        2690
    ],
    "r_id": null,
    "rate_calc_kwargs": {},
    "description": null,
    "t_id": 655
}