{
    "tof_type": "activity",
    "rate": 7.299788430482874e-12,
    "tof": 0.00269153984094183,
    "potential": 1.35111019988,
    "e_id": 79,
    "tspan": [
        3005,
        3055
    ],
    "r_id": null,
    "rate_calc_kwargs": {},
    "description": null,
    "t_id": 656
}