{
    "tof_type": "activity",
    "rate": 6.362865924314013e-12,
    "tof": 0.0023460826708822115,
    "potential": 1.35111019988,
    "e_id": 79,
    "tspan": [
        3005,
        3055
    ],
    "r_id": null,
    "rate_calc_kwargs": {},
    "description": null,
    "t_id": 656
}