{
    "tof_type": "activity",
    "rate": 2.7547157290079103e-12,
    "tof": 0.001015704387285023,
    "potential": 1.34131507956,
    "e_id": 79,
    "tspan": [
        3360,
        3410
    ],
    "r_id": null,
    "rate_calc_kwargs": {},
    "description": null,
    "t_id": 657
}