{
    "tof_type": "activity",
    "rate": 1.321993795227248e-12,
    "tof": 0.0004874386433548542,
    "potential": 1.33116062972,
    "e_id": 79,
    "tspan": [
        3710,
        3760
    ],
    "r_id": null,
    "rate_calc_kwargs": {},
    "description": null,
    "t_id": 658
}