{
    "tof_type": "activity",
    "rate": 1.8592368195628314e-12,
    "tof": 0.0006855280836225979,
    "potential": 1.33116062972,
    "e_id": 79,
    "tspan": [
        3710,
        3760
    ],
    "r_id": null,
    "rate_calc_kwargs": {},
    "description": null,
    "t_id": 658
}