{
    "tof_type": "activity",
    "rate": 6.564408254676643e-13,
    "tof": 0.00024203943056608365,
    "potential": 1.3212069443799999,
    "e_id": 79,
    "tspan": [
        4125,
        4175
    ],
    "r_id": null,
    "rate_calc_kwargs": {},
    "description": null,
    "t_id": 659
}