{
    "tof_type": "activity",
    "rate": 9.930993476774928e-13,
    "tof": 0.0003661704014770329,
    "potential": 1.3212069443799999,
    "e_id": 79,
    "tspan": [
        4125,
        4175
    ],
    "r_id": null,
    "rate_calc_kwargs": {},
    "description": null,
    "t_id": 659
}