{
    "tof_type": "activity",
    "rate": 3.9705691043491675e-13,
    "tof": 0.00014640074897159135,
    "potential": 1.31109232634,
    "e_id": 79,
    "tspan": [
        4530,
        4580
    ],
    "r_id": null,
    "rate_calc_kwargs": {},
    "description": null,
    "t_id": 660
}