{
    "tof_type": "activity",
    "rate": 2.8029898256350747e-13,
    "tof": 0.00010335037599099765,
    "potential": 1.31100636562,
    "e_id": 79,
    "tspan": [
        4930,
        4980
    ],
    "r_id": null,
    "rate_calc_kwargs": {},
    "description": null,
    "t_id": 661
}