{
    "tof_type": "activity",
    "rate": 3.7995039489333515e-13,
    "tof": 0.0001400933239608076,
    "potential": 1.31100636562,
    "e_id": 79,
    "tspan": [
        4930,
        4980
    ],
    "r_id": null,
    "rate_calc_kwargs": {},
    "description": null,
    "t_id": 661
}