{
    "tof_type": "activity",
    "rate": 1.995081083571221e-13,
    "tof": 7.356158707172459e-05,
    "potential": 1.3110810931673307,
    "e_id": 79,
    "tspan": [
        5340,
        5390
    ],
    "r_id": null,
    "rate_calc_kwargs": {},
    "description": null,
    "t_id": 662
}