{
    "tof_type": "activity",
    "rate": -3.051120978241611e-12,
    "tof": -0.00029324396378240967,
    "potential": 1.3607740710799998,
    "e_id": 80,
    "tspan": [
        1350,
        1400
    ],
    "r_id": null,
    "rate_calc_kwargs": {},
    "description": null,
    "t_id": 663
}