{
    "tof_type": "activity",
    "rate": 1.853277063170444e-12,
    "tof": 0.0001781188998622816,
    "potential": 1.3509825001999998,
    "e_id": 80,
    "tspan": [
        1650,
        1700
    ],
    "r_id": null,
    "rate_calc_kwargs": {},
    "description": null,
    "t_id": 664
}