{
    "tof_type": "activity",
    "rate": -6.772082146888677e-12,
    "tof": -0.0006508664277737694,
    "potential": 1.34081583956,
    "e_id": 80,
    "tspan": [
        1950,
        2000
    ],
    "r_id": null,
    "rate_calc_kwargs": {},
    "description": null,
    "t_id": 665
}