{
    "tof_type": "activity",
    "rate": 4.4347625755037926e-11,
    "tof": 0.041983675591321844,
    "potential": null,
    "e_id": 28,
    "tspan": [
        450.0,
        1040.0
    ],
    "r_id": null,
    "rate_calc_kwargs": {},
    "description": "full time",
    "t_id": 93
}